sex,age,education,IQ,AB.A.delta.q.T6,AB.D.beta.a.FP1,AB.D.beta.b.FP2,AB.D.beta.e.Fz,AB.D.beta.f.F4,AB.D.beta.g.F8,COH.A.delta.m.T5.n.P3,COH.B.theta.a.FP1.e.Fz,COH.B.theta.b.FP2.e.Fz,COH.C.alpha.a.FP1.e.Fz,COH.C.alpha.n.P3.r.O1,Class
1.0,57.0,13.438709677419356,101.5804721030043,11.777727,11.202471,11.111987,14.099317,12.645652,8.126729,10.708163,84.770546,84.016227,91.659217,23.070065,0
1.0,37.0,6.0,120.0,8.538482,30.423142,23.859927,31.968025,26.93178,14.097111,62.416477,83.792599,81.988271,91.954591,45.376198,0
1.0,32.0,16.0,113.0,11.242449,13.799929,10.315396,11.258897,6.397807,6.74635,65.805773,78.168703,76.559372,85.018255,64.497513,0
1.0,35.0,18.0,126.0,10.61223,6.429691,6.212037,6.633003,6.528162,4.940311,29.071161,73.837714,52.949297,93.932775,49.983789,0
1.0,36.0,16.0,112.0,19.541089,10.147936,11.017907,13.942326,14.348928,10.554364,21.34689,81.595364,78.880236,93.93522,60.886136,0
0.0,24.0,14.0,105.0,4.727858,12.0024,12.032555,11.732462,11.100535,9.531387,88.591057,87.341397,81.726692,91.677138,74.897629,0
0.0,26.0,16.0,103.0,16.482388,9.465855,10.403707,14.768105,13.092508,8.057724,7.300474,60.030519,63.804732,84.678917,44.917545,0
1.0,23.0,12.0,104.0,7.91945,8.44704,8.811525,10.51303,10.004428,6.952759,29.762787,87.489581,61.087184,87.468775,53.745722,0
1.0,24.0,17.0,89.0,6.388229,10.63077,11.332786,13.629148,14.090664,11.959944,57.45766,56.67855,85.198323,74.267293,69.167612,0
0.0,30.0,12.0,98.0,20.565447,39.936325,39.157624,50.791323,49.581314,27.1726,50.374963,89.981949,99.377181,98.601664,56.032275,0
1.0,34.0,13.0,91.0,16.787691,27.110672,42.70947,41.353433,33.273821,22.775862,69.750281,88.362982,92.826266,96.776471,68.439981,0
1.0,32.0,12.0,93.0,19.473774,7.294081,7.93192,9.569491,7.558011,6.551195,77.386193,82.853423,83.976525,95.477896,37.025234,0
1.0,20.0,13.0,105.0,12.018616,9.591474,10.605913,10.961647,10.316636,7.352787,71.05865,75.69411,72.072562,91.000141,54.03176,0
1.0,28.0,14.0,118.0,3.071653,13.008938,13.949032,16.053144,16.024909,9.788601,50.579485,71.56141,81.775834,81.765256,56.799687,0
1.0,23.0,13.0,116.0,6.895226,16.046517,17.010598,20.206494,19.100039,16.204767,64.09358,88.360931,87.714834,90.452738,85.360268,0
1.0,20.0,12.0,93.0,9.084046,9.453844,8.227992,11.806327,10.615736,5.13762,63.556712,82.182007,81.458488,93.165192,67.738588,0
1.0,26.0,12.0,107.0,6.645143,16.406166,17.315648,18.65577,16.852783,12.986289,82.516973,99.870579,99.932705,99.971603,45.981392,0
1.0,30.0,13.438709677419356,86.0,6.114122,6.142517,6.168293,7.341169,7.070753,3.884521,66.95824,73.521257,74.796835,92.40418,45.50192,0
1.0,31.0,18.0,102.0,5.832045,10.454449,10.08889,10.823766,9.834878,6.933385,34.09951,80.501097,80.167151,96.329461,16.914879,0
1.0,25.0,16.0,120.0,9.004913,19.070667,19.232645,20.682671,19.272619,23.293103,61.150854,71.655762,77.718508,96.188762,45.612346,0
1.0,39.0,12.0,128.0,4.79978,8.175529,8.515443,9.648933,8.691703,5.297943,63.704506,88.697155,74.952139,88.471534,92.055716,0
1.0,20.0,13.438709677419356,116.0,22.673952,14.752751,15.904107,15.819165,15.364759,14.819401,40.614694,71.800126,63.271417,76.56883,29.699046,0
1.0,30.0,16.0,102.0,9.252567,16.007455,12.087737,12.102061,10.815378,9.989306,73.373151,76.839125,73.243236,85.275546,81.569398,0
1.0,23.0,12.0,104.0,20.553398,12.176984,11.992969,11.280251,12.913846,10.106731,97.435226,94.213881,96.749341,95.717735,96.572628,0
1.0,29.0,13.0,122.0,11.942737,27.060789,28.832529,25.806171,31.859045,21.870351,66.308645,79.005591,74.1441,86.764401,65.349588,0
1.0,32.0,16.0,130.0,20.366135,17.145149,16.767757,27.246219,22.977524,13.922979,69.000864,71.159186,74.376032,79.577504,65.913618,0
1.0,34.0,13.0,122.0,19.935252,10.638836,11.787786,12.742045,12.231691,8.318221,72.934278,89.78438,86.398962,91.324026,93.9442,0
1.0,26.0,17.0,108.0,9.526841,7.444508,7.68311,10.732103,9.856561,9.62475,45.888109,58.754221,70.995705,86.597381,46.15607,0
1.0,25.0,13.0,117.0,15.439646,20.472206,12.844967,10.274595,12.075955,9.510658,78.341352,92.435802,89.92342,98.62124,80.740607,0
1.0,30.0,16.0,122.0,12.156902,21.078007,23.385423,26.713242,27.491553,23.090178,59.936047,74.704322,77.736904,95.093947,71.61325,0
0.0,31.0,16.0,94.0,6.866603,9.654646,9.459636,11.257499,9.784179,7.644628,42.669874,46.38727,44.627776,70.421599,75.417418,0
0.0,19.7,13.0,103.0,18.264828,50.044436,45.225804,60.18406,56.315558,23.57216,62.727238,82.507496,84.696433,88.214446,57.157053,6
0.0,19.94,13.0,81.0,9.518459,14.734307,11.764124,18.169109,11.326126,5.992097,89.634652,82.660503,96.169762,88.698491,79.503266,6
0.0,19.26,12.0,101.5804721030043,24.718999,12.61371,12.227861,10.988259,11.733907,8.114225,38.331998,81.407426,81.011477,92.365079,47.403396,6
0.0,25.61,16.0,108.0,3.478849,15.216713,19.034409,18.67269,16.536284,13.189996,49.79491,75.285404,87.004068,88.08847,76.140816,6
0.0,24.58,16.0,110.0,6.787,12.466859,10.518334,13.758046,13.950196,10.760166,58.221347,59.843505,64.013764,77.98366,49.418652,6
0.0,30.34,14.0,112.0,24.391627,41.599982,50.180051,45.536639,47.959657,40.557896,97.762563,96.480386,90.699361,97.499126,96.352449,6
0.0,40.28,12.0,102.0,10.081064,17.708961,15.966044,22.052971,31.614644,17.487879,99.587781,94.454815,98.658751,94.912809,39.59039,6
0.0,19.47,12.0,101.5804721030043,17.657422,9.386783,13.15772,10.857949,11.843087,10.051199,65.848672,71.156486,61.920551,74.917544,52.351378,6
0.0,21.68,14.0,114.0,10.435009,26.490448,17.615269,27.380576,15.437087,15.896493,59.213893,64.038599,59.988512,93.875665,88.202994,6
0.0,46.84,12.0,105.0,3.293043,8.832982,9.086207,9.237601,9.462031,7.25039,12.778861,72.82917,66.086245,85.378287,80.457095,6
0.0,26.56,20.0,123.0,4.551807,5.766406,4.916652,6.002876,5.745465,3.162485,68.289977,68.695404,72.261381,91.109886,5.315935,6
0.0,32.94,16.0,101.5804721030043,7.295956,13.778156,15.430195,16.831609,16.290598,15.683339,67.020439,59.205551,62.524799,68.516266,51.336217,6
0.0,22.65,13.0,101.5804721030043,5.742181,11.880732,11.01509,16.15884,13.4566,10.04418,15.11452,61.049778,31.155521,82.750978,28.484217,6
0.0,21.24,13.0,93.0,15.082419,7.64539,6.889796,8.627272,8.002164,5.261211,98.420091,88.049446,90.004354,95.802495,96.215492,6
0.0,26.13,16.0,81.0,49.306798,33.616606,32.459993,35.295284,31.280019,26.560638,59.159266,61.822658,50.123072,90.782762,19.331538,6
0.0,23.6,16.0,91.0,14.317279,9.099238,10.344326,12.348817,12.282154,10.5431,28.033915,74.983779,70.345596,84.08182,31.977269,6
0.0,54.82,12.0,76.0,16.038445,27.151868,26.727789,27.454935,28.357456,26.189339,49.444959,85.186283,84.717765,94.119208,54.926594,6
0.0,26.15,16.0,103.0,14.165879,7.83301,8.830834,8.085853,7.931374,8.228221,22.686305,59.07927,56.933499,80.459753,55.626407,6
0.0,28.26,16.0,117.0,31.765714,11.726608,11.4295,13.919616,13.551363,10.624018,68.775571,80.707179,83.875164,89.188947,63.380254,6
0.0,30.19,16.0,129.0,7.050261,9.701471,10.596174,11.704416,14.792025,10.111625,73.838724,78.68988,75.617346,97.246161,41.334811,6
0.0,23.01,15.0,122.0,14.240165,5.908469,6.351582,5.918013,5.770224,4.602758,50.059534,72.654973,77.066489,88.189327,56.666536,6
0.0,46.01,12.0,93.0,23.595292,11.277572,11.673163,11.493657,14.636414,10.606344,6.030407,87.540836,87.367083,93.828181,46.700569,6
0.0,50.48,18.0,134.0,14.896759,24.34253,27.070127,26.232663,23.633295,22.768733,69.56023,91.474349,82.348121,97.97083,51.863975,6
0.0,28.01,16.0,81.0,9.223837,4.870706,4.881812,4.782657,4.992916,4.262948,31.106849,67.23397,55.391989,95.60888,19.271251,6
0.0,31.9,16.0,114.0,7.249005,10.467749,9.917837,12.699094,11.219507,8.2287,36.228366,78.946944,75.585674,92.18068,47.304914,6
0.0,26.01,14.0,82.0,14.841971,9.793916,9.779611,11.714553,11.471223,6.270544,64.760018,53.11785,39.966341,85.491284,18.212113,6
0.0,21.25,12.0,94.0,6.324142,7.333967,8.556386,6.588479,6.860763,6.261214,45.425503,55.886952,68.373682,90.124393,76.163601,6
0.0,28.77,13.0,91.0,14.78278,12.277214,11.744828,14.041314,13.552123,11.041241,32.570965,85.357954,84.913603,97.355849,45.555289,6
0.0,26.28,17.0,114.0,3.722446,7.289546,6.185892,5.447517,4.825048,4.240235,53.469946,82.870412,70.642922,97.097338,47.056206,6
1.0,34.0,12.0,101.5804721030043,9.783987,5.162853,5.88425,7.407747,7.31733,5.477484,52.461323,65.404517,78.698666,73.747661,76.459737,0
1.0,25.0,16.0,109.0,5.182675,15.462425,15.410676,16.712463,16.904542,12.999293,55.301374,68.74223,59.657532,85.185122,30.597894,0
1.0,23.0,13.0,97.0,22.720222,13.384376,15.669057,17.44929,16.849037,15.146698,34.461291,66.781818,76.936889,70.372875,52.092181,0
1.0,29.0,14.0,105.0,7.984176,3.860853,5.015085,4.877137,3.864728,2.817251,31.364027,75.882985,99.922588,90.48298,32.391802,0
1.0,23.0,16.0,101.0,13.446048,6.570075,7.576462,7.492457,7.511843,4.770859,99.845815,72.728883,64.940529,85.198054,79.064165,0
1.0,33.0,13.0,93.0,23.271159,24.79129,24.782675,26.518998,25.552263,20.29104,71.388654,66.67951,70.648319,90.836086,47.51543,0
1.0,34.0,14.0,99.0,11.429813,6.104744,6.128556,6.576297,6.9771,9.171754,48.984904,85.012867,83.098997,93.064179,28.348231,0
1.0,34.0,16.0,107.0,14.503107,6.874026,7.192789,9.807359,9.995439,6.068258,28.545419,32.589594,64.412089,55.677047,36.075824,0
1.0,35.0,12.0,96.0,7.382357,6.963385,6.821106,7.076394,6.230858,4.296364,53.556472,65.841391,52.852745,87.696287,34.116575,0
1.0,31.0,12.0,76.0,9.247808,10.989488,13.137004,18.044972,15.560172,9.16188,69.59182,58.248939,66.059554,77.770601,67.948859,0
1.0,31.0,16.0,103.0,5.484762,17.431632,18.911279,19.095749,18.777926,13.555964,83.370703,84.530312,68.389304,91.29088,54.210579,0
1.0,34.0,16.0,107.0,3.203287,3.060355,2.935876,3.310225,3.137187,2.20891,8.671959,50.731128,48.097178,89.994642,41.27211,0
1.0,31.0,13.0,104.0,12.456611,5.113936,5.924842,7.110088,6.558233,4.597194,38.425205,62.409387,67.56222,90.785605,63.610217,0
1.0,27.0,13.0,110.0,9.06697,11.86172,9.883249,18.012495,13.871836,7.157216,52.603455,83.939688,85.321678,92.770531,63.355525,0
1.0,30.0,12.0,84.0,15.857268,14.775851,15.900809,18.94132,11.346903,9.795523,54.864358,57.866003,38.582021,75.202442,57.9094,0
1.0,25.0,12.0,99.0,13.423603,10.631192,10.963766,14.525329,13.640469,10.801688,39.066014,90.125422,89.24071,89.608081,66.12822,0
1.0,35.0,14.0,118.0,4.669712,9.202297,8.741896,13.537745,11.349069,5.162015,78.717176,80.382942,78.367422,80.628601,49.638984,0
1.0,22.0,13.0,82.0,9.581923,10.781953,10.150886,10.771113,9.730382,7.413498,18.59393,67.932365,56.30672,83.759815,10.915031,0
1.0,23.0,13.0,108.0,5.026549,7.666771,6.965814,6.900595,6.757355,3.624643,27.960348,55.918675,51.487519,83.352041,60.005826,0
1.0,21.0,12.0,90.0,12.340535,8.368726,8.369998,8.25617,8.591151,6.398131,81.749858,84.814218,82.280947,87.883418,42.6931,0
1.0,28.0,16.0,117.0,20.594711,7.333512,7.359678,7.849599,6.759656,5.202385,50.594053,70.784853,72.783455,94.767465,32.647266,0
0.0,37.0,12.0,96.0,11.674019,11.225123,11.045124,15.801192,13.530433,6.297938,63.113954,43.110254,70.728529,67.041036,40.684468,0
0.0,31.0,16.0,90.0,6.409606,13.298443,13.531381,14.860277,14.337516,12.146479,85.791487,88.32796,82.514662,95.576454,55.249906,0
0.0,19.0,13.0,91.0,13.636402,6.505966,7.540434,8.313616,8.080677,7.381472,63.815916,72.019356,70.056397,75.6653,29.694894,0
0.0,20.0,13.0,91.0,10.95082,8.662668,7.634943,10.633826,9.001421,5.580836,78.834686,78.233933,77.665283,96.679398,76.50778,0
0.0,20.0,13.0,124.0,7.49757,21.544488,23.155983,22.834328,24.481748,19.951282,61.300563,72.751813,71.110227,92.656433,61.491272,0
0.0,20.0,13.0,118.0,10.447623,9.652644,10.514301,10.784323,12.050434,8.214142,48.541785,48.726679,56.026745,74.72659,24.778873,0
0.0,34.0,12.0,83.0,4.714951,14.636421,15.778244,15.740238,13.877064,12.577773,70.317261,74.267357,68.705927,92.035534,60.2056,0
0.0,25.0,14.0,105.0,4.798297,9.366034,9.209471,9.464512,9.549206,10.007958,21.744492,61.896278,61.010193,70.188741,56.800407,0
0.0,32.87,16.0,108.0,8.489141,4.256582,4.375999,5.528563,6.421384,5.029728,50.241275,66.432834,77.088755,91.357708,39.846186,3
0.0,20.24,12.0,127.0,9.400434,7.157764,7.021724,9.130485,7.517292,7.429512,53.877692,71.142232,68.484494,82.362415,66.889817,3
0.0,19.89,13.0,113.0,4.839825,4.129224,3.900184,5.605069,4.288523,2.736724,41.677347,79.608895,75.964957,95.448426,46.176585,3
0.0,39.18,16.0,101.5804721030043,6.270328,6.033871,5.856384,6.476094,6.78744,6.930543,37.067049,82.731768,68.888546,96.971999,45.183381,3
0.0,28.42,9.0,101.5804721030043,4.258776,5.341148,6.0044,6.254065,7.103577,6.187098,71.152568,84.506026,77.516615,91.781583,50.643327,3
0.0,21.07,14.0,105.0,9.207061,25.245015,25.836178,26.543819,26.975732,23.171728,42.487715,77.329618,93.428051,89.424583,78.612699,3
0.0,20.48,14.0,122.0,13.568918,17.157628,17.773039,18.950789,17.354415,10.890128,61.374556,89.594762,85.192155,95.88946,38.658629,3
0.0,20.55,13.0,106.0,3.425645,9.158876,8.476852,10.084488,10.090376,8.201156,71.755157,84.011952,85.244479,86.884419,49.541468,3
0.0,38.71,16.0,114.0,8.107448,9.322572,9.896755,11.401312,11.1872,9.143894,26.777554,79.249373,76.684742,86.191843,60.230119,3
0.0,56.55,12.0,122.0,15.221815,2.703893,3.528021,3.134249,3.378341,6.592853,67.063825,62.943209,50.428552,70.687409,36.624013,3
0.0,21.84,15.0,107.0,6.32624,8.747783,6.89368,7.034616,6.463654,4.859799,66.713419,69.694927,69.164395,79.83149,33.893014,3
0.0,25.36,16.0,124.0,4.817922,3.374566,3.798196,6.254113,7.162482,6.206734,48.132889,61.317875,56.285011,78.424569,52.760575,3
0.0,34.03,16.0,121.0,2.989735,11.656036,12.955394,14.472118,13.383442,11.499608,63.608632,72.380936,46.298036,75.344341,86.55691,3
0.0,23.59,16.0,116.0,5.151672,5.663112,5.09909,8.150938,8.017771,3.960196,53.675753,74.077597,51.941542,95.769873,90.006198,3
0.0,46.78,16.0,107.0,9.661195,16.41592,17.091922,14.934948,15.640517,16.132345,35.476755,72.66485,75.027137,85.867643,51.492321,3
0.0,24.68,16.0,85.0,7.773942,5.170562,5.507996,7.182525,6.074652,4.18731,75.407688,84.519061,83.664622,92.087805,57.020963,3
0.0,40.94,16.0,119.0,4.743817,4.864423,4.653242,6.870308,5.964984,2.909625,35.653939,65.571572,68.578045,77.280529,44.022834,3
0.0,25.97,16.0,93.0,10.207213,9.836214,11.895042,14.736852,14.277277,8.474086,14.395763,76.955991,82.509799,86.886611,68.529126,3
0.0,21.08,14.0,121.0,2.401204,3.561053,3.468421,3.959741,3.663705,3.573893,50.024902,75.737218,72.399316,90.692868,74.471224,3
0.0,54.56,6.0,83.0,6.248701,6.350879,6.644037,9.318842,7.722572,6.009138,75.316153,73.371924,65.761324,77.443754,63.589955,3
0.0,28.67,16.0,88.0,7.342348,7.370422,6.667789,9.339762,8.53332,5.536506,49.098557,62.753897,69.298136,66.047578,60.160855,3
0.0,18.19,11.0,84.0,9.492985,6.912113,6.558091,8.176461,7.840431,4.359146,0.668266,35.214841,20.559071,48.681676,8.539463,3
0.0,22.9,16.0,78.0,6.946284,9.58618,10.112274,11.640624,11.987414,7.206909,35.909418,69.360648,74.837348,92.142732,28.990394,3
0.0,18.24,12.0,88.0,4.783418,5.446806,5.325317,7.440305,6.740095,4.208189,71.730631,74.854248,79.150117,86.676395,69.173731,3
0.0,34.16,18.0,119.0,42.616875,21.060727,21.034784,29.66365,27.07861,16.016346,61.234632,73.712345,69.88017,89.055773,61.021155,2
0.0,42.35,16.0,110.0,17.775648,12.689014,9.808583,10.67176,10.496679,13.679457,44.891571,61.50921,28.913997,73.017753,45.35237,2
0.0,35.16,16.0,122.0,11.200603,9.781648,13.091302,9.31717,9.350083,8.417289,56.962015,91.274554,90.417606,96.174549,53.694057,2
0.0,25.65,18.0,118.0,8.046746,11.68861,11.819558,13.80228,13.013476,9.814552,78.256137,99.71283,88.490223,99.868479,99.959084,2
0.0,18.89,12.0,108.0,11.960831,11.908135,13.892927,17.099173,16.985444,8.951832,67.422912,77.318696,86.764647,94.570793,73.266975,2
0.0,38.52,14.0,110.0,7.820997,7.302245,7.356945,8.716705,7.559391,6.190317,64.1782,73.041538,72.889115,73.551926,52.50612,2
0.0,19.21,12.0,105.0,3.215093,7.673338,8.478793,6.865495,6.542924,6.012379,84.848635,76.817907,81.345087,77.808033,54.189247,2
0.0,24.42,17.0,109.0,7.226164,5.813445,5.964186,6.4838,6.841967,7.765363,40.211249,88.815965,87.260694,95.901003,71.041664,2
0.0,23.66,17.0,130.0,9.69197,8.424963,8.438298,9.488841,10.734285,7.287076,50.640751,74.777745,71.175112,95.450158,36.854102,2
0.0,28.29,16.0,122.0,9.406257,7.617862,7.383943,6.446476,6.134833,7.377874,99.916228,68.395935,76.331531,82.364967,56.81977,2
0.0,33.62,16.0,118.0,18.242161,15.612722,16.021611,18.427207,17.616303,12.844548,99.608857,98.546912,98.323167,99.080196,39.810081,2
0.0,28.15,18.0,101.0,16.747216,9.168018,9.181718,10.54662,9.390406,7.965771,37.895,55.26255,62.590222,73.158096,60.292418,2
0.0,30.45,16.0,113.0,28.390203,8.635887,4.902802,7.119645,8.557619,6.00755,48.156049,67.869083,69.705758,91.91279,53.463338,2
0.0,19.48,12.0,105.0,8.31678,6.320415,5.07764,6.918602,6.729917,5.311853,35.022966,85.204544,78.897766,80.451751,13.121794,2
0.0,25.05,17.0,109.0,17.663086,13.930315,24.895776,14.154248,12.217867,11.197238,73.569714,76.28293,72.591761,93.223802,40.214359,2
0.0,28.32,15.0,116.0,6.922566,18.054387,18.848529,24.076667,22.86089,15.187911,73.981431,79.625484,83.384944,82.672363,77.62732,2
0.0,23.44,17.0,121.0,8.063809,4.599468,5.147569,7.003228,6.398126,4.338153,58.852564,68.038153,76.648019,69.969194,52.173535,2
0.0,29.86,20.0,113.0,36.455759,24.41144,24.883601,46.920916,38.161442,14.46576,73.921844,65.528325,62.050114,75.612212,53.222632,2
0.0,33.55,20.0,122.0,13.461148,20.73927,23.910114,23.146332,26.788671,20.525486,42.401864,59.644252,52.879737,77.266447,42.476194,2
0.0,27.59,16.0,102.0,12.927922,9.226097,9.81312,12.802788,15.229363,9.507186,56.274996,80.479232,73.018963,87.037428,6.79305,2
0.0,29.47,16.0,114.0,35.692382,8.122958,9.502895,9.813878,11.033084,14.274168,71.481856,86.500271,80.055124,93.671387,36.854432,2
0.0,36.06,16.0,127.0,57.779429,8.663884,9.325279,11.809367,11.00275,9.158191,47.236646,71.876378,63.510747,82.209184,0.470473,2
0.0,18.07,11.0,96.0,5.216473,9.261696,9.432991,10.897286,11.335384,9.176485,77.074057,96.454211,97.098515,99.159008,50.864259,2
0.0,18.39,11.0,107.0,10.127338,5.657146,5.567882,8.057882,7.133011,5.768353,40.855738,81.192431,82.850739,94.574695,72.001018,2
0.0,29.04,16.0,114.0,10.528353,15.871049,16.370418,20.571027,21.026464,14.592201,57.800313,70.561122,60.153607,93.895754,32.228891,2
1.0,18.0,10.0,124.0,20.797977,7.649399,7.627289,9.659807,8.388153,6.188778,39.333375,74.195927,73.287379,91.293507,23.295911,0
1.0,20.0,13.0,98.0,4.770367,3.447509,3.1444,3.872453,4.979232,5.611475,50.862444,91.836782,88.985625,93.391496,56.473378,0
1.0,19.0,12.0,103.0,3.684112,10.785185,10.759919,12.392371,12.239056,8.388615,5.604038,49.560109,73.797482,36.993417,24.31775,0
1.0,34.0,16.0,120.0,6.630932,4.682959,5.176361,5.751009,5.30268,4.572521,99.886884,97.578211,80.579649,98.418433,92.548833,0
1.0,19.0,13.0,99.0,4.046825,4.758182,4.95609,5.49108,5.413621,5.30735,31.387625,59.360157,39.473043,86.693713,73.065284,0
1.0,18.0,9.0,103.0,4.785553,3.968281,3.984259,5.606952,4.23549,3.106421,44.892913,53.090499,54.230724,80.252328,30.379144,0
1.0,36.0,16.0,123.0,4.414927,10.11926,10.716839,12.073094,12.170585,10.462912,31.042054,77.272066,73.506868,91.745891,31.904544,0
1.0,21.0,13.0,120.0,6.806442,11.530156,10.020333,16.474236,16.716626,11.787365,55.681374,63.689977,62.927284,78.451261,40.654698,0
1.0,21.0,13.0,129.0,5.550141,7.462847,7.374618,8.150425,7.876733,10.742168,32.802144,53.982115,53.326027,72.857122,45.631869,0
1.0,20.0,13.0,118.0,5.135889,9.705198,10.070775,11.686533,11.139222,10.308012,67.487318,80.938294,77.827913,92.120115,60.759174,0
1.0,20.0,12.0,101.0,7.283622,6.524496,7.36253,8.52274,7.460432,7.177392,54.966991,87.807755,81.602133,91.846742,75.149212,0
1.0,23.0,14.0,116.0,4.897215,7.19011,7.255988,9.009826,8.660279,5.868132,39.095255,79.146016,81.67012,92.876868,61.437147,0
1.0,19.0,12.0,107.0,13.278563,10.074928,11.603403,12.462134,13.336849,11.759892,42.081052,70.926159,91.053902,89.888176,34.288753,0
1.0,27.0,12.0,105.0,6.550422,4.744741,5.390482,5.572085,5.734493,4.258533,26.127592,80.745572,70.199529,75.634697,32.442669,0
1.0,20.0,10.0,105.0,6.689424,8.469413,8.62277,11.388697,9.789958,8.111254,50.159246,82.282132,81.007727,95.854398,81.051008,0
1.0,24.0,13.0,73.0,7.856842,13.462283,12.2773,17.19886,14.843721,10.141988,63.947041,63.100513,64.682982,78.03121,73.895394,0
1.0,29.0,13.0,142.0,17.137826,11.093475,13.578862,11.968769,13.063566,11.297048,27.984635,73.602651,61.655627,91.371045,55.954416,0
1.0,18.0,13.438709677419356,103.0,4.481935,6.121193,6.229389,13.816813,10.431689,4.89931,59.538388,74.298122,83.278807,75.761651,70.136245,0
1.0,19.0,12.0,103.0,14.606765,19.015293,20.390227,23.030058,22.772203,18.901424,73.577432,73.366359,61.889791,91.612828,60.6978,0
1.0,23.0,12.0,78.0,9.521879,6.28458,6.240143,11.520952,8.479198,6.790478,70.986573,65.354604,71.72776,86.678518,37.643317,0
1.0,25.0,17.0,135.0,34.274389,15.882356,16.590031,28.960564,26.271718,13.74449,75.079513,70.027492,73.785019,81.344053,68.557979,0
1.0,19.0,12.0,103.0,12.700009,5.440915,5.99318,6.89163,6.990023,5.804864,49.645195,61.261801,70.652862,83.239694,30.892644,0
1.0,20.0,13.0,105.0,6.132759,25.834384,27.553524,38.594736,33.463889,23.327143,44.021637,62.095595,75.71755,68.205681,46.884521,0
1.0,21.0,14.0,129.0,5.710008,10.023158,9.956414,11.887636,11.08349,7.982777,70.182262,65.931952,70.19396,85.883842,17.100885,0
1.0,24.0,13.0,96.0,2.216774,8.96991,17.322926,8.587761,8.085481,7.481646,65.858254,93.204313,95.857266,93.844906,47.424958,0
1.0,22.0,13.0,134.0,6.788103,7.512195,7.661698,8.829793,8.170591,6.948424,67.731197,71.072582,73.804664,82.908408,58.283191,0
1.0,30.0,12.0,122.0,8.735734,14.307278,15.135231,15.877154,15.352609,11.089452,72.24797,32.594952,56.824954,64.735352,40.42201,0
1.0,30.0,16.0,115.0,8.364674,6.018286,7.005889,8.006882,7.405018,6.939986,54.748889,71.49499,72.784456,90.030743,59.535271,0
1.0,22.0,13.0,122.0,9.49414,7.341044,8.832781,9.560637,9.556784,6.956376,73.01501,77.512009,75.472442,77.473195,47.916272,0
1.0,18.0,13.0,119.0,7.145249,4.848297,5.546827,5.432192,6.147092,8.347382,81.5155,66.053378,64.684992,81.089882,70.558203,0
1.0,27.0,13.0,124.0,6.700498,11.980459,13.397034,15.475642,15.490138,11.016257,47.34438,65.381048,64.416956,86.287264,24.126876,0
1.0,18.0,12.0,123.0,10.832256,10.917751,15.421732,13.304385,14.954945,13.339241,75.356611,56.853724,59.994526,66.394801,36.415038,0
1.0,28.0,13.0,133.0,18.535764,5.306038,5.493599,8.619838,9.626107,3.357608,81.540807,74.866666,60.346402,94.625349,68.752538,0
1.0,20.0,13.0,119.0,9.074444,6.028544,6.85988,7.032275,7.408089,6.604754,75.281332,77.541598,77.273674,78.558618,57.528129,2
1.0,21.0,13.0,97.0,5.237157,11.61387,14.229414,14.789927,15.425531,11.279114,65.958376,56.369265,53.22921,83.518081,54.252591,2
1.0,23.0,13.438709677419356,113.0,15.543379,7.913987,8.185084,8.246725,9.088051,7.448481,99.930053,77.034025,71.245546,84.340595,82.240636,2
1.0,22.0,13.0,116.0,4.423083,9.891459,10.37875,12.12653,10.740748,9.435963,46.595016,99.900243,81.567949,99.965946,66.294611,2
1.0,26.0,17.0,124.0,2.028701,7.906578,7.962666,9.812746,8.663071,6.978751,46.044106,75.8974,73.461903,90.825061,60.387337,2
1.0,24.0,13.0,105.0,3.371217,4.606151,4.650352,7.171403,6.218372,3.961343,74.879925,84.013808,80.996073,93.486843,80.233298,2
1.0,28.0,16.0,99.0,9.905373,6.891185,8.091736,7.017696,7.574208,7.933581,70.545534,79.921796,81.63883,89.892702,39.299861,2
1.0,23.0,13.0,109.0,6.493294,6.745822,7.360385,11.978367,8.723527,5.223881,97.090485,81.002661,76.311376,97.615194,68.996368,2
1.0,24.0,13.0,96.0,3.605502,9.639145,8.860048,16.015874,14.554204,8.728507,86.130832,76.637077,62.656294,81.838192,62.812153,2
1.0,19.0,13.0,121.0,10.473378,7.659555,8.161693,10.438511,9.544489,4.982721,84.013915,64.609367,63.598787,84.713093,47.586083,2
1.0,28.0,16.0,118.0,4.885101,3.678558,3.063678,3.659128,3.403079,2.579439,80.382126,99.908814,99.44574,99.944659,59.918072,2
1.0,30.0,16.0,129.0,4.062752,13.276414,12.420787,13.694969,14.209489,12.293903,99.878825,64.263011,49.972326,75.112634,72.475267,2
1.0,26.0,13.0,118.0,8.612927,10.071149,10.095415,12.083673,11.132071,10.623475,89.697762,72.513453,72.089571,96.368311,41.607288,2
1.0,27.0,18.0,130.0,13.17774,4.237448,4.792496,6.732789,6.765613,4.447984,99.948375,83.209835,70.98142,94.504539,99.959545,2
1.0,28.0,18.0,131.0,7.220661,5.890846,7.329466,6.543902,6.404416,5.663307,94.606145,76.292123,70.517066,95.163304,71.67399,2
1.0,27.0,18.0,139.0,5.774444,7.454534,7.333612,8.171396,8.169318,6.910342,44.257669,96.120313,82.350788,97.891209,62.123509,2
1.0,25.0,16.0,130.0,8.00304,5.819755,5.788761,6.18776,6.152073,5.434873,44.257669,96.120313,82.350788,97.891209,62.123509,2
1.0,26.0,16.0,119.0,7.921851,13.805286,13.012203,15.695624,14.391665,11.815185,80.686728,69.439149,81.963947,90.881271,44.439691,2
1.0,25.0,16.0,116.0,13.903452,5.097285,5.090361,6.817871,7.780893,5.691118,59.348758,60.695225,78.687432,69.970445,38.832802,2
1.0,25.0,16.0,115.0,5.698856,8.062716,9.084581,13.441718,13.036932,8.41274,61.478544,92.583474,92.737933,97.893517,19.566077,2
1.0,26.0,13.0,113.0,13.144673,4.811781,5.364786,6.826213,6.85135,4.636484,54.617662,83.365879,94.352968,96.697806,41.255074,2
1.0,29.0,16.0,120.0,8.178138,5.718548,7.250769,5.75758,6.704549,6.725326,79.565325,83.2406,78.358092,95.616189,72.327576,2
1.0,30.0,16.0,112.0,9.786709,8.966765,9.506244,17.605104,17.283654,11.978636,90.927235,97.053102,83.923841,99.083142,60.219489,2
1.0,22.0,13.0,125.0,10.891313,9.311095,9.095914,10.373988,8.725889,6.833599,62.020588,92.239715,90.030828,95.442216,55.951209,2
1.0,28.0,17.0,134.0,4.44961,7.331909,7.381365,9.801517,7.729165,6.31763,71.464681,79.035996,91.779624,86.724083,91.815354,2
1.0,21.0,13.0,110.0,7.794984,5.667348,5.691937,6.986399,6.974997,4.951517,59.960369,78.899581,80.755449,81.178452,26.404937,2
1.0,23.0,13.0,103.0,11.658736,6.660998,8.218861,8.43989,8.392499,6.506418,14.619323,77.243062,71.758471,98.324359,32.745431,2
1.0,22.0,13.0,109.0,10.358122,5.197633,6.414505,5.653544,6.147794,8.107153,44.731078,69.510442,74.820259,90.024319,25.242554,2
1.0,25.0,13.0,99.0,15.321949,9.0355,9.154018,9.073996,10.070894,10.054361,78.337975,77.964457,79.326806,81.552381,69.038683,2
1.0,30.0,16.0,130.0,11.720274,10.064588,11.385106,12.73792,14.238319,10.875992,63.327153,67.284407,55.716954,92.420673,55.61485,2
1.0,27.0,18.0,106.0,14.54846,11.534488,11.538747,13.933874,14.045428,10.827678,67.704274,73.142581,70.789662,77.638074,54.977948,2
1.0,24.0,16.0,102.0,12.819163,8.274223,11.542417,15.777253,15.767181,11.333019,35.693629,78.14466,79.603325,88.229687,72.308773,2
1.0,22.0,13.0,133.0,5.654058,5.07489,5.767835,6.940124,6.96615,4.390684,62.316378,55.482116,55.469375,89.40443,68.43517,2
0.0,21.0,13.0,129.0,4.430429,8.124528,8.321873,8.211996,8.779035,6.274204,51.47164,86.024648,88.86658,92.09953,53.928848,2
0.0,23.0,13.0,123.0,4.430429,8.124528,8.321873,8.211996,8.779035,6.274204,68.793496,77.59179,78.439037,81.247125,69.014321,2
0.0,23.0,13.0,122.0,11.783208,7.000983,7.73318,10.596907,10.501573,10.423988,44.137583,74.946001,81.756919,91.26717,31.256275,2
0.0,23.0,16.0,105.0,8.019055,7.179736,7.326017,8.295675,8.11919,6.687194,57.486771,77.685297,78.337809,91.589751,26.841263,2
0.0,27.0,18.0,102.0,8.919235,9.165756,9.19166,10.076999,10.111431,10.109257,99.591763,93.169262,92.976022,96.326999,99.350433,2
0.0,26.0,13.0,130.0,5.055313,9.114172,10.226675,11.558178,10.289655,7.132527,97.857118,90.314344,83.931656,98.891305,97.493427,2
0.0,20.0,13.0,119.0,10.002078,7.299328,7.031736,9.881599,7.278827,5.378423,74.423979,84.22564,86.602643,93.78268,72.148025,2
0.0,27.0,16.0,98.0,9.226371,4.266538,4.678841,4.526319,5.451946,4.980515,60.752768,70.942926,67.257448,89.681389,45.966492,2
0.0,22.0,16.0,88.0,7.800125,10.706642,11.419557,12.80629,12.873735,11.254878,82.889363,68.853098,68.240956,82.453923,71.759866,2
0.0,24.0,16.0,102.0,14.449029,9.851845,9.823924,10.432804,10.378201,10.096965,68.040922,79.093615,77.506703,92.680386,59.117215,2
1.0,23.0,13.0,122.0,16.12151,8.336921,6.829173,7.939301,9.21366,6.134151,20.184719,72.746755,72.368404,91.759236,64.749525,0
1.0,25.0,14.0,107.0,14.529381,10.918674,9.449245,11.289385,11.354962,7.859551,89.456417,87.410024,98.704523,98.302452,65.257995,0
1.0,27.0,14.0,89.0,20.530649,9.783702,10.701908,13.012093,14.945745,14.715276,61.359797,71.325437,59.569742,85.530136,21.100959,0
1.0,20.0,12.0,79.0,23.257352,15.237652,17.126263,21.850384,21.694442,21.186587,40.337458,71.849272,66.386595,83.141713,16.671104,0
1.0,23.0,13.0,90.0,11.978521,8.039632,7.306594,8.6568,7.887169,7.818584,90.351947,57.240204,74.738778,88.427344,74.026078,0
1.0,21.0,13.0,74.0,8.326416,3.771316,3.805187,3.754484,6.554411,4.667284,96.137125,96.906432,94.200023,97.434744,99.262455,0
1.0,26.0,16.0,99.0,6.035013,3.805459,3.663527,4.554338,3.493356,3.106898,38.965063,74.825472,78.708191,70.111893,35.886184,0
1.0,25.0,16.0,126.0,18.192597,16.084424,16.154921,19.236874,16.405102,10.633859,18.092887,86.187453,86.052311,97.736314,37.220277,0
1.0,33.0,18.0,96.0,5.801751,9.51382,9.975962,11.34265,10.933419,7.918509,17.113754,85.497219,89.021459,90.56602,67.673062,0
1.0,19.0,12.0,101.5804721030043,13.621746,15.287747,14.635666,18.927548,14.474953,11.215562,55.05398,74.450193,77.924509,93.722182,38.386564,0
1.0,26.0,12.0,96.0,10.221172,5.964357,6.023389,6.241469,6.22837,6.136316,65.326715,97.818263,85.690489,99.475704,62.480461,0
1.0,20.0,13.0,101.5804721030043,8.538615,11.177623,11.777143,12.226294,11.935914,11.122609,44.780534,52.462263,59.722498,76.029908,77.289261,0
1.0,34.0,16.0,65.0,8.099726,10.861742,11.400654,12.782004,10.584074,6.58906,17.103556,76.416286,78.94977,93.771113,9.495943,0
1.0,23.0,12.0,111.0,7.905748,15.447855,15.448826,19.785918,16.805059,11.973176,28.90536,57.27915,61.359268,91.554402,65.918432,0
1.0,21.0,12.0,73.0,7.75043,11.377493,11.623518,13.681904,12.517507,9.550573,11.116572,88.697493,99.480308,98.098699,46.638574,0
1.0,31.0,13.0,94.0,9.517244,9.576355,10.353109,10.618093,10.597827,9.540646,52.905803,82.672432,82.611904,84.499761,67.417566,0
1.0,20.0,13.0,108.0,5.245114,6.012432,7.343182,7.31799,7.371395,5.574238,26.128588,68.354407,69.456449,96.524957,46.283636,0
1.0,32.0,13.0,94.0,8.589104,10.344255,9.886284,13.006945,11.886735,11.714481,79.463909,76.250149,76.118449,94.815028,40.855299,0
1.0,20.0,13.0,59.0,10.153516,11.376535,10.835594,13.422782,11.932658,8.098934,29.463204,75.09124,75.782388,90.621838,60.728086,0
1.0,40.0,12.0,80.0,13.286236,12.131515,10.366008,15.835493,13.553104,8.052736,82.740535,82.773444,77.890352,86.602982,44.40376,0
1.0,20.0,13.0,101.5804721030043,11.96149,10.71761,11.550869,17.004826,17.56104,12.918068,28.749813,83.862853,82.987156,90.805476,71.768504,0
1.0,25.0,13.0,107.0,3.73306,6.82621,6.717711,9.660611,9.524267,6.129209,51.93827,76.255022,74.663944,90.447586,60.200157,0
1.0,21.0,12.0,124.0,13.983094,6.413727,6.503425,7.768593,7.570514,6.713967,43.672576,85.958288,76.811128,97.900423,65.186572,0
1.0,24.0,12.0,78.0,2.914863,13.839553,12.737805,14.34302,12.751617,9.557105,36.088164,66.520119,68.38965,87.256681,63.752633,0
1.0,21.0,12.0,96.0,8.375751,9.940261,9.86755,13.340962,10.719865,7.564459,62.858155,79.015981,75.342634,84.855015,72.048711,0
1.0,25.0,13.0,122.0,12.369336,10.513028,10.850028,11.937346,11.501073,6.672536,49.654581,86.282437,78.268033,96.216416,45.782612,0
1.0,29.0,12.0,107.0,12.452651,4.695792,5.342328,8.469324,5.480094,4.142917,98.482454,90.272501,88.553366,93.777048,98.513365,0
1.0,26.0,13.0,101.0,5.55463,6.167864,7.958122,8.647262,8.170263,6.79485,66.167932,86.254572,81.430473,98.234599,33.674954,0
1.0,31.0,16.0,104.0,11.316145,10.009244,11.541862,12.389849,14.359847,12.540982,70.937864,82.468401,89.593894,96.098333,55.805352,0
1.0,22.0,12.0,102.0,11.471146,11.141575,11.757945,12.873487,14.266191,10.217165,61.486065,80.093551,81.254984,85.852538,54.854892,0
1.0,23.0,12.0,114.0,7.581241,4.523969,4.573916,5.298395,4.80041,3.271765,44.562673,94.500024,99.928003,99.16964,48.633339,0
1.0,39.0,12.0,101.0,5.298726,5.378899,5.727883,7.642327,7.045393,5.541973,63.064818,73.965341,99.970222,90.088699,63.772617,0
1.0,26.0,13.0,110.0,16.874483,9.294139,9.153784,15.426428,18.009729,8.659022,34.233694,81.46829,88.252352,88.632315,51.390885,0
1.0,20.0,13.0,93.0,6.188042,10.736377,10.482442,13.260559,11.910411,9.419417,13.638682,61.234825,64.629458,95.126062,58.559483,0
1.0,21.0,13.0,102.0,3.401974,7.092671,6.34366,7.26771,6.989034,5.025226,49.84782,75.759722,74.310593,90.610832,40.568377,0
1.0,35.0,16.0,101.0,5.179725,6.117499,5.975295,10.491317,7.539378,4.344178,43.11071,81.029272,73.671931,98.021398,25.46283,0
1.0,18.0,12.0,74.0,6.48557,6.118475,6.661873,8.295988,6.27857,5.687769,41.209888,65.943327,54.779337,92.125139,49.57619,0
1.0,19.0,9.0,82.0,12.542437,12.823245,14.357404,17.125416,17.810552,11.864469,49.520403,36.822452,60.541004,58.946392,50.922392,0
1.0,20.0,13.0,115.0,6.347689,3.893354,5.430445,6.517383,6.038708,3.936672,70.496554,83.4621,79.325987,96.366462,63.346911,0
1.0,25.0,13.0,114.0,12.315619,6.266543,5.988739,8.206839,6.842769,5.443073,56.400519,90.16508,78.868707,95.590753,69.028531,0
1.0,20.0,13.0,94.0,13.897873,8.944945,8.96086,13.320219,11.289979,7.302818,58.355186,76.477966,79.077827,97.547766,26.048844,0
1.0,21.0,9.0,100.0,6.676372,7.725085,7.048775,9.998895,8.181629,5.275604,46.225794,76.47782,81.388775,95.604613,70.91356,0
1.0,22.0,14.0,89.0,7.231296,4.426837,4.508283,5.544234,5.44651,3.815133,55.321691,82.548445,80.132424,92.536167,89.18822,0
1.0,21.0,13.0,102.0,3.353075,3.919121,4.255038,5.701382,5.367703,4.649068,55.125564,77.044662,71.97612,87.305779,50.407778,0
1.0,29.0,13.0,56.0,6.542882,9.179497,9.251662,12.242253,13.06924,9.842861,56.888575,84.13125,84.761932,95.459299,63.833105,0
0.0,21.0,13.0,85.0,17.877245,10.764258,11.686572,16.695285,15.567989,8.696604,59.988249,78.189925,74.431333,92.082778,77.861685,0
0.0,23.0,16.0,96.0,3.344885,9.185885,9.422359,10.025036,9.218926,6.440101,64.86869,68.495533,74.365324,89.829479,83.826878,0
0.0,24.0,12.0,77.0,4.205644,5.575245,5.51249,6.278393,5.80836,5.210716,67.93057,54.386433,60.130009,78.199616,45.245639,0
0.0,18.0,13.0,127.0,6.641463,5.766443,6.337118,8.081566,7.946847,5.009113,87.449499,98.289895,98.705569,98.221198,84.445191,0
1.0,37.0,14.0,113.0,8.838428,10.228996,10.576956,12.071528,11.575814,10.962617,11.154428,53.081802,40.624287,82.344506,64.726567,4
1.0,32.0,15.0,113.0,8.838428,10.228996,10.576956,12.071528,11.575814,10.962617,63.807321,88.088556,91.905707,97.423266,41.200297,4
1.0,23.0,14.0,109.0,8.98401,10.590346,11.916786,14.221867,13.847639,8.49168,81.329438,92.775147,93.097247,89.907269,84.404875,4
1.0,21.0,13.0,111.0,16.965152,8.298002,8.717295,9.124027,8.302957,5.665911,43.911964,76.313053,77.8469,88.64132,66.534502,4
1.0,25.0,13.0,104.0,2.917377,6.287244,6.267243,7.648791,7.169936,5.696055,27.030984,60.444438,55.350227,87.960905,74.749408,4
1.0,29.0,13.0,120.0,7.342362,8.70238,8.971297,10.039162,9.669156,9.255078,56.294009,58.23176,68.971508,60.453939,46.144428,4
1.0,25.0,13.438709677419356,85.0,2.599072,3.506997,3.786672,5.779993,4.511549,4.429812,17.915379,74.934413,72.034467,95.168426,47.532567,4
1.0,34.0,13.438709677419356,120.0,4.652308,4.021308,4.284277,5.514944,4.456416,3.458773,40.24703,87.366303,75.577387,90.141528,54.635416,4
1.0,18.0,11.0,126.0,4.211384,4.976608,4.929762,5.166613,4.738563,3.601907,99.075656,99.840041,93.814161,99.881857,99.613203,4
1.0,27.0,16.0,95.0,6.508288,8.604768,9.358098,10.80189,10.945382,12.047647,93.998554,93.766803,91.803162,96.082702,95.443658,4
1.0,21.0,13.0,131.0,8.716208,9.91229,10.902106,11.030125,11.296116,10.853741,80.64912,97.767426,95.103275,98.163071,86.596761,4
1.0,24.0,17.0,133.0,7.164706,3.828399,4.065886,5.4098,4.442085,2.873802,57.984929,72.570142,66.738953,89.993244,59.135432,4
0.0,21.0,14.0,80.0,4.542733,5.175729,5.529748,7.411486,6.476245,5.908363,30.680427,78.23901,73.553717,87.975839,62.689155,4
1.0,27.0,13.0,108.0,4.306408,5.349759,6.255078,7.774623,8.129861,7.255704,74.383418,75.73058,76.38274,95.245178,46.411192,4
1.0,23.0,17.0,138.0,5.555392,6.170661,6.825406,9.623931,8.81906,5.475328,42.925829,74.693734,77.587899,82.646475,51.376486,4
1.0,21.0,15.0,101.5804721030043,4.810645,8.489828,7.915456,8.429812,7.819511,6.583039,50.49678,52.381412,59.3313,74.047315,63.770835,4
1.0,35.0,13.438709677419356,101.5804721030043,15.621367,7.64705,8.499774,10.214954,10.153096,6.146731,95.588101,93.849476,99.945644,97.366207,94.128726,4
1.0,37.0,13.438709677419356,110.0,6.991433,8.423977,9.212928,11.52032,11.584231,10.949604,82.243354,97.855813,99.744038,98.373749,89.85256,4
1.0,22.0,13.438709677419356,107.0,3.767802,6.899754,7.88989,8.403875,9.426318,8.357544,96.237495,97.132095,92.392765,98.702293,98.54956,4
0.0,28.81,14.0,99.0,33.252892,13.650838,14.843281,15.345275,14.796512,10.70016,39.169344,99.857532,99.736276,99.94892,54.341536,3
1.0,29.22,16.0,102.0,12.088193,20.537078,24.89608,27.165615,28.20888,21.949233,64.575215,78.889315,82.073322,96.6267,37.027202,5
1.0,34.48,10.0,89.0,4.741787,14.406119,14.820626,14.656727,18.259638,14.184846,20.937543,47.473861,71.352611,89.269505,76.104291,1
0.0,33.9,14.0,71.0,4.036975,7.215122,7.475331,8.15209,6.611929,4.674702,82.089098,79.022043,73.275628,67.377905,62.808352,3
1.0,26.26,14.0,87.0,20.966117,20.445179,19.288243,26.542973,22.576545,14.517588,32.632144,77.487695,84.915643,90.005282,84.425422,3
1.0,33.57,16.0,136.0,8.658144,6.540863,6.939752,6.736591,6.771821,6.278185,74.547231,80.454463,80.129154,97.598349,5.849422,3
1.0,19.51,12.0,122.0,15.291793,7.384618,8.193408,8.916983,8.920713,12.211877,62.784306,76.779757,73.684153,85.318865,53.480421,1
0.0,23.67,14.0,99.0,7.182771,9.152871,9.706815,12.486787,12.331685,8.828588,32.582171,84.236102,84.310806,87.732844,67.027339,1
1.0,18.77,12.0,95.0,9.105785,19.420219,20.075416,46.790808,42.126067,20.992692,11.230014,73.900491,75.434695,79.383885,34.942785,5
1.0,24.53,15.0,114.0,8.341662,12.504945,14.317444,18.550016,21.307236,12.722622,3.294508,81.737413,79.945472,98.338854,56.580651,5
0.0,23.28,16.0,94.0,9.426532,21.636068,19.931511,25.751634,21.836282,13.72349,36.188907,81.457965,80.234688,83.019906,15.240273,5
1.0,39.18,12.0,122.0,7.803259,11.635781,11.501179,11.560695,11.6966,11.78726,34.567088,61.896235,69.905335,75.771165,60.128397,3
1.0,37.72,16.0,123.0,6.312886,11.437776,12.30748,13.608358,13.626265,13.648233,15.766173,60.11177,55.979163,65.976134,63.298073,1
1.0,44.42,16.0,129.0,8.622031,9.307793,8.49194,12.907545,13.11401,8.529178,7.21367,76.234713,75.472239,97.758096,43.72391,0
1.0,21.03,12.0,104.0,12.000153,4.727803,4.144384,5.39478,4.787464,4.017299,70.250008,83.376564,67.706881,92.517547,26.590042,1
0.0,36.62,12.0,99.0,11.74797,10.812708,11.174886,12.914062,12.793617,8.26594,48.712948,83.192688,75.350621,85.575383,31.646026,6
1.0,56.51,12.0,97.0,3.833775,30.634095,31.734687,38.774322,35.774112,24.925879,48.264772,67.267904,58.388642,79.324769,18.867498,5
0.0,53.68,8.0,80.0,12.416936,6.3081,6.53943,6.187659,5.876797,5.604097,48.775434,75.05461,73.07135,87.156167,31.258286,3
1.0,23.52,15.0,88.0,2.83184,6.187566,7.03068,8.852932,11.628514,6.142169,85.479792,80.147063,73.621286,91.355825,44.595764,0
1.0,30.99,13.0,107.0,16.603512,12.792199,12.83309,14.330563,14.079303,9.5496,49.20276,75.856792,68.412541,79.196323,32.663722,0
0.0,51.8,12.0,105.0,8.278783,4.857655,5.912805,10.377198,6.118578,3.816125,78.638623,75.861267,74.940638,87.003537,48.844164,6
1.0,30.32,9.0,75.0,36.709528,15.040142,17.860746,18.331542,22.448111,17.776996,46.58621,48.844193,52.500275,60.425266,55.516822,5
0.0,25.72,13.0,111.0,19.66393,14.33732,18.731395,27.865752,28.08304,16.434952,50.731361,75.50778,79.306635,81.288256,49.781454,5
1.0,25.53,14.0,85.0,15.03237,15.984694,16.880854,20.532541,19.974118,16.494528,9.977535,87.94474,87.223081,97.905773,42.50929,6
1.0,29.08,12.0,116.0,36.429395,10.019177,11.526815,12.821251,12.629194,11.242186,59.307957,71.497333,71.669786,80.273995,54.929703,3
1.0,18.34,13.0,114.0,5.350401,12.776283,18.426022,18.136502,19.831517,13.969412,13.785474,74.314352,73.133244,88.661727,39.581426,3
1.0,23.2,12.0,98.0,4.682905,7.037527,6.656158,9.043458,8.138973,6.130446,54.373256,76.9798,78.42141,80.308375,50.130637,3
0.0,55.21,16.0,120.0,14.333663,10.012516,8.776099,12.153981,15.267099,6.831235,88.862175,77.913272,77.792622,95.725864,48.454517,6
0.0,26.93,16.0,116.0,7.18046,69.691703,74.883918,127.240671,122.507549,58.797393,52.106622,77.396974,78.390073,87.202972,24.194175,6
1.0,24.56,16.0,112.0,11.55442,14.938638,19.073262,15.729616,13.252876,9.935938,65.835957,69.8917,78.98871,87.09704,77.856383,4
0.0,28.56,16.0,110.0,12.973977,8.277365,9.03112,12.70436,13.413195,9.254218,38.630361,87.540079,85.804758,94.627963,44.519754,3
0.0,33.44,12.0,90.0,6.606401,7.041473,7.596743,7.482604,8.930723,7.207238,35.291904,67.207079,60.206378,90.30768,36.216265,4
1.0,47.76,16.0,123.0,26.743844,19.517836,20.39856,25.425177,21.094168,20.306322,19.657735,77.946839,53.047441,87.029336,34.751783,3
1.0,26.71,17.0,137.0,25.894399,15.621828,6.070914,12.128072,12.722133,9.961721,65.762947,75.183237,81.455177,88.947722,52.764857,6
1.0,19.25,13.0,75.0,17.261304,6.573216,8.701731,10.095706,10.187781,7.349153,86.831005,67.34773,70.797614,79.182963,74.532309,1
1.0,57.63,9.0,89.0,14.981439,11.053828,12.368865,15.415408,15.088557,10.152916,73.934125,71.478072,94.836356,78.804335,48.045708,3
0.0,23.45,12.0,89.0,7.891791,34.352645,33.687177,56.731667,51.78532,29.345192,39.750968,80.25661,79.139557,85.000719,59.002114,6
0.0,23.64,16.0,113.0,10.01672,7.473499,8.10584,8.066402,7.310025,3.776661,38.897007,78.700402,78.846508,87.91127,54.432065,1
0.0,33.97,14.0,101.0,3.702144,38.470133,35.385867,36.976753,37.633783,30.320419,56.958265,83.378933,86.733328,89.420841,39.233693,6
1.0,42.74,16.0,119.0,10.893829,16.568316,16.846149,16.43202,16.585981,17.224177,56.810719,66.649548,71.468484,88.548883,48.353083,3
1.0,36.96,13.0,124.0,30.697846,25.197889,25.473743,26.41322,25.240341,21.545304,26.587281,72.410134,69.533323,90.2816,72.289736,3
0.0,23.42,16.0,85.0,13.175791,20.003369,20.992381,27.170489,27.135494,17.090439,97.750625,95.727956,70.0859,97.237119,99.594831,5
0.0,23.96,12.0,92.0,22.389685,15.379757,16.866859,24.418853,21.308917,14.39381,24.508736,61.801266,61.548822,66.55411,42.205328,3
1.0,19.89,13.0,97.0,21.733045,8.579414,8.171275,8.549729,8.357873,8.417444,45.594182,82.040271,81.956565,96.135475,53.725859,3
1.0,21.05,14.0,94.0,35.043562,46.995372,56.713749,66.169447,69.729136,50.952437,34.335691,65.139994,66.442624,57.201488,26.401839,3
1.0,31.57,16.0,105.0,11.320673,7.923163,9.948801,10.013253,9.318321,6.625741,58.832343,78.832496,75.485488,94.404903,46.491701,1
1.0,19.22,13.0,78.0,15.686414,10.364366,9.264115,10.98009,10.35118,7.226856,65.551308,79.942869,71.776946,85.637073,57.796682,3
1.0,23.06,13.0,97.0,2.767926,6.726346,7.028177,8.471208,7.67714,5.113687,52.126413,69.877246,73.004079,81.522916,62.362099,3
0.0,31.41,14.0,93.0,7.351007,21.566678,24.279139,44.376414,27.94943,11.930676,54.293634,76.375181,75.982753,87.886507,76.516349,5
0.0,20.6,14.0,105.0,14.92383,7.893541,8.262653,9.159075,8.143039,9.037074,58.337089,69.300914,68.420153,75.302932,26.59735,5
0.0,47.32,16.0,94.0,10.914957,6.173896,5.753233,7.292762,7.210327,5.366918,56.995008,69.340984,65.931446,84.537491,37.91879,3
1.0,41.38,16.0,114.0,12.389195,7.479101,7.964575,8.836104,7.926095,5.971064,56.845762,78.577463,70.876461,86.098727,80.318546,5
0.0,34.52,12.0,103.0,9.876089,8.725901,8.885811,9.792777,9.805876,7.133757,12.413374,64.257203,66.09059,68.943748,24.158841,1
1.0,18.78,12.0,77.0,7.733948,21.076869,18.678789,30.386936,28.120013,14.770824,45.971605,75.262257,70.247683,90.08857,60.653633,1
1.0,25.61,16.0,145.0,18.274048,14.127749,14.831827,19.025539,17.859695,13.703304,73.473729,77.844781,68.345187,76.66018,42.248449,3
1.0,26.2,14.0,120.0,23.066008,12.541388,14.196901,14.548506,14.553837,13.282325,86.268296,82.004591,68.642593,87.797748,61.118705,6
0.0,22.84,12.0,100.0,12.319554,16.845727,14.611232,17.221893,17.68776,11.59719,93.687068,59.660545,45.197462,74.180841,52.167795,5
1.0,20.28,13.0,91.0,8.700268,14.846419,16.065312,19.764431,24.198927,14.092325,60.18736,71.46442,71.810212,59.425285,80.39721,3
1.0,25.14,13.0,75.0,4.187192,7.059378,6.929064,8.940454,8.93198,6.403348,65.948155,70.473772,76.467506,88.61953,61.21113,1
0.0,40.88,15.0,120.0,16.372053,10.962064,11.796918,15.365185,14.115342,8.904865,61.890122,99.893826,86.705641,99.889537,43.67834,3
0.0,47.93,12.0,94.0,11.430085,6.272958,6.220091,8.298808,7.130727,4.304355,20.100699,72.647315,74.548709,75.723932,25.29072,6
1.0,18.69,13.0,93.0,11.503587,14.903608,15.001452,28.005608,41.501781,19.833512,35.907754,63.206618,61.295032,87.229663,52.120697,3
0.0,25.2,14.0,102.0,20.796132,6.393719,7.358011,13.886737,15.031438,10.792924,65.680537,77.210981,93.169782,91.648621,99.758978,1
1.0,47.11,7.0,92.0,7.913423,10.200318,9.862912,15.960573,12.833925,8.785212,37.535321,69.435586,69.03581,90.836751,15.725751,3
1.0,19.14,13.0,101.0,7.831918,8.581769,9.016208,14.786552,13.424641,7.195158,65.260958,86.608151,83.413526,74.735352,41.636815,3
0.0,28.89,14.0,99.0,5.941053,19.989551,22.569255,25.078299,24.512089,18.977943,64.123004,71.773119,74.854508,63.764705,53.382358,3
1.0,24.4,13.0,96.0,12.395014,17.632085,18.694924,25.025926,26.979015,18.539731,62.523866,69.266819,72.416016,81.656868,26.122237,0
1.0,54.97,14.0,109.0,13.631517,6.436152,7.886707,8.148888,8.651521,6.714531,54.83759,84.594025,83.180851,83.879296,66.730983,0
0.0,27.2,14.0,116.0,8.169502,11.348706,10.630962,13.971742,15.48322,8.761576,88.71599,81.607715,81.530109,87.787275,57.10537,3
0.0,28.93,14.0,75.0,6.739221,9.517707,6.524746,12.259011,10.053623,4.51466,18.092887,86.187453,86.052311,97.736314,37.220277,3
0.0,54.67,16.0,113.0,18.69799,13.861449,13.269254,17.877598,15.724116,9.775069,62.426636,67.980237,66.784315,74.317162,73.630836,6
0.0,34.91,12.0,94.0,8.965483,7.611232,7.600464,8.441737,7.925532,7.22977,83.145002,75.316118,79.088981,91.586052,18.835105,3
1.0,63.47,9.0,116.0,7.79333,7.530106,7.81666,13.041275,12.322328,6.682139,82.812144,76.96888,82.579284,72.831179,62.827022,3
0.0,19.64,13.0,91.0,6.787062,18.64315,19.357814,24.64997,24.079955,17.587055,98.335311,68.010359,65.355351,87.301276,58.834698,6
1.0,36.22,12.0,93.0,11.583565,11.279238,15.855665,16.062902,14.319467,12.982636,38.206666,61.048681,61.514232,68.484358,60.370156,5
0.0,20.13,9.0,97.0,16.076051,41.195926,39.394307,40.578182,42.308323,36.004317,61.600885,80.879059,75.043418,83.448731,71.238245,5
1.0,54.05,16.0,125.0,13.454498,16.336693,17.976133,19.837154,21.215363,19.536762,48.695186,70.178246,70.37325,93.603021,48.373821,3
1.0,48.21,14.0,102.0,33.16466,10.471076,10.368396,12.745748,13.269709,12.147405,78.661161,76.1845,79.181456,90.701904,57.967346,3
1.0,33.93,12.0,111.0,9.161268,16.836629,18.168989,23.550095,23.556402,17.601898,47.141158,78.754125,78.361848,87.784139,60.958219,3
1.0,41.69,12.0,105.0,10.549453,12.139156,12.760263,15.050639,15.428568,12.263553,52.83466,76.194012,72.965712,92.499125,74.408547,3
0.0,55.6,12.0,115.0,10.519595,14.579905,14.445786,17.282751,16.688112,11.073871,66.415586,81.155504,80.573235,78.833889,45.091131,6
0.0,25.63,16.0,99.0,17.798329,18.553683,18.121467,18.13011,34.858345,20.572349,26.762655,72.775833,73.810483,85.761892,32.512995,5
1.0,52.12,16.0,130.0,34.772049,8.574374,8.684092,11.565365,10.751391,8.034132,56.334923,85.292535,79.924022,97.418582,32.57887,3
1.0,28.9,14.0,125.0,16.848933,8.968369,9.933043,15.16207,15.177785,11.661873,46.614073,74.351559,77.337208,84.096356,61.862261,0
0.0,22.14,15.0,97.0,32.532918,11.024256,10.850113,11.180898,11.201913,9.710832,55.332515,63.318858,58.534088,61.538093,23.199933,3
1.0,35.75,16.0,136.0,14.0049,8.824632,9.301959,12.717897,12.941433,9.207349,29.968845,69.025191,55.74191,96.248829,69.262866,3
0.0,25.38,12.0,99.0,11.107765,7.794361,7.91343,9.554392,9.618995,6.031476,22.896868,80.011236,78.791794,78.633248,39.499608,3
1.0,62.23,13.0,93.0,5.160747,11.790228,14.741073,14.690594,15.133069,15.628792,75.427929,67.168513,67.192883,74.485565,70.597045,3
0.0,41.24,12.0,99.0,14.527399,10.546779,11.798314,20.992991,21.549447,15.238894,45.165142,82.66661,81.701847,80.833551,48.816994,3
0.0,33.5,12.0,103.0,15.752461,18.068929,16.929893,21.385638,22.663126,15.977409,7.891852,81.96922,84.983261,91.699336,64.968117,3
1.0,21.62,12.0,89.0,44.325465,14.413297,9.58966,12.219868,11.339691,11.415403,7.830567,61.753964,59.947945,68.351032,24.41509,5
0.0,26.33,16.0,101.0,15.614402,13.762812,15.628672,15.291951,13.94391,14.487634,64.305238,92.505194,90.616674,97.633259,75.314821,1
0.0,25.55,18.0,121.0,11.656891,8.030357,7.516603,14.346662,11.826783,7.04294,31.283151,71.039756,80.936533,94.545177,22.983893,1
0.0,25.16,12.0,75.0,20.946872,9.943877,11.040509,11.701639,11.281119,9.55291,51.203973,70.453517,68.245693,85.816215,48.175474,5
0.0,33.32,16.0,110.0,11.385334,20.418207,21.610157,30.082876,29.969169,28.652724,48.860076,74.929252,79.373102,86.750521,46.282127,4
0.0,37.24,16.0,106.0,10.367851,5.104257,5.213513,7.746294,6.848102,5.356918,54.041971,65.044618,63.485073,83.072183,22.282206,5
1.0,20.77,14.0,105.0,12.954768,6.081673,4.454437,5.510822,5.365531,3.307804,37.708991,75.627659,61.54039,75.142168,45.152366,6
0.0,48.49,12.0,82.0,31.06763,7.514568,7.356812,9.239583,14.250302,7.419606,52.265102,68.807255,74.110951,66.931662,85.908671,3
1.0,25.71,17.0,114.0,12.702548,5.753903,6.735241,5.090804,5.16386,4.810374,51.586408,78.865058,75.645965,85.326676,77.324797,5
0.0,29.99,14.0,119.0,5.559437,7.131298,6.090474,6.27545,6.682295,4.343274,66.188088,82.862792,73.478622,85.945373,48.482102,3
1.0,44.76,14.0,124.0,18.05539,10.92556,13.566036,21.350858,14.648467,19.019419,72.770581,86.911073,82.193457,84.064905,60.505933,3
1.0,60.16,13.0,102.0,11.086512,23.563996,31.726323,45.963669,45.276437,19.339667,47.400295,46.433687,51.328748,78.550354,23.309948,3
0.0,51.38,13.438709677419356,97.0,32.122183,6.890648,7.559353,7.819429,7.003416,7.106957,71.68183,82.698601,82.651838,90.272793,31.603547,3
0.0,24.55,14.0,91.0,12.01447,9.173804,9.582819,14.461895,12.303142,8.016069,73.243932,88.314097,85.090674,91.067537,51.715384,3
1.0,51.92,16.0,99.0,12.913311,5.715017,6.443475,11.744747,11.544438,6.615807,95.739864,81.089986,82.112924,97.353572,56.657011,0
1.0,48.84,16.0,94.0,8.65747,24.813274,27.402794,45.31529,42.812933,25.726084,80.777754,74.786152,73.955443,88.412209,42.502073,1
1.0,43.17,12.0,76.0,35.968553,17.433263,19.15826,18.567748,19.012931,18.383087,75.777244,76.602743,74.53004,88.405603,58.923215,4
1.0,31.16,9.0,101.0,32.252561,16.53216,11.50717,15.389792,13.769775,10.581637,72.910069,79.326924,76.667814,89.233777,64.898697,3
1.0,54.37,10.0,114.0,10.136545,23.342465,16.509551,17.271183,18.748071,15.825413,72.910069,79.326924,76.667814,89.233777,64.898697,0
0.0,26.08,16.0,93.0,13.623662,14.162024,15.082266,20.036057,23.676664,14.627563,96.893496,65.999162,58.840171,77.250269,96.414041,5
1.0,26.24,12.0,112.0,25.202802,11.539923,13.266697,15.99146,16.042422,13.551625,95.260134,72.898619,67.582084,80.424907,75.492416,4
0.0,27.8,12.0,95.0,9.770678,10.80583,16.066216,10.138192,9.842869,5.781829,68.054716,78.090293,74.582438,95.376288,46.852954,6
0.0,18.68,12.0,109.0,10.226598,19.643962,23.941752,23.799185,23.788317,18.393353,65.493142,56.652838,57.199248,68.50594,65.184901,3
1.0,25.72,17.0,101.0,18.320324,9.731794,11.05626,12.773304,12.779725,11.304029,49.302693,54.336867,51.855829,86.399718,28.491643,3
1.0,20.87,13.0,102.0,20.566551,12.439736,13.575676,13.549849,16.297867,11.887443,66.171302,57.397736,50.824855,58.987773,47.89756,1
0.0,61.2,1.0,90.0,21.150227,9.343508,9.464451,10.757602,10.77762,9.702195,57.605644,75.964472,79.783214,86.591922,33.942419,3
0.0,49.19,12.0,103.0,15.140134,24.363769,24.863073,25.650071,31.338718,21.893639,67.641574,70.405653,68.152113,81.265744,49.837923,6
0.0,21.9,14.0,117.0,6.249541,21.79222,20.575115,29.471488,29.827261,17.297471,75.920535,71.015403,69.323581,83.259967,48.095512,3
1.0,56.6,12.0,121.0,48.951054,23.355239,24.727514,34.923901,35.110882,30.258388,79.992838,77.951221,65.881254,82.51437,49.552305,6
1.0,32.15,10.0,111.0,19.283303,20.354875,20.664174,24.203347,24.694565,22.328101,49.017071,62.059685,58.681679,71.072044,42.501161,3
0.0,40.77,16.0,113.0,6.073156,9.921802,10.249443,14.431993,13.394827,7.689507,75.948894,70.522624,70.854325,88.076453,74.415833,1
0.0,35.98,9.0,90.0,25.029129,12.220411,7.432719,11.105271,10.485136,6.676672,81.490236,64.512347,58.66197,69.606803,51.229742,5
1.0,24.81,15.0,125.0,12.335237,5.54978,5.604198,9.087028,6.682925,4.605074,68.079946,62.17716,64.033305,82.028956,51.904153,3
1.0,40.95,16.0,123.0,6.464284,5.76241,6.321245,6.359639,7.393239,5.793704,49.077861,76.995569,86.056305,93.633187,66.25533,0
1.0,20.97,14.0,100.0,6.513912,6.314281,6.809907,9.10987,7.227946,4.15579,81.659135,69.811414,77.952431,85.614373,49.392174,3
1.0,43.88,12.0,98.0,11.754964,18.117781,18.512695,24.482985,22.696875,15.49935,75.61336,61.192849,71.473598,78.293932,61.711792,3
0.0,32.76,16.0,113.0,40.272811,9.868464,7.788451,8.221861,8.3023,7.220152,40.425808,83.047277,88.674442,88.93419,79.613838,5
1.0,48.18,16.0,117.0,8.411032,8.550874,7.631649,7.832094,7.946576,6.316436,66.932625,70.663467,67.691557,95.950058,25.291027,5
1.0,40.72,14.0,108.0,29.169079,7.604677,9.14194,11.150965,10.090415,7.939492,26.443142,71.909328,74.4021,94.468725,52.801396,3
0.0,29.21,12.0,99.0,13.372139,9.14732,9.45539,12.266356,14.66106,8.18037,24.757107,74.632754,66.266929,85.268663,52.03384,6
1.0,43.68,12.0,91.0,10.382187,8.428498,9.42368,10.961259,14.584723,10.232036,68.959694,85.640577,80.957454,97.401913,31.493707,6
1.0,21.51,12.0,77.0,18.016854,26.9935,19.252103,23.940761,23.023594,19.135006,99.291119,99.846902,98.638885,99.927714,99.386418,3
1.0,22.79,14.0,100.0,11.175627,9.833044,11.952668,10.549119,10.874193,9.913274,62.145828,85.2572,77.237491,97.372703,71.97859,3
0.0,30.13,16.0,108.0,7.362562,7.489494,9.128878,10.289122,11.244773,9.248322,16.99853,88.156795,86.938421,97.343316,80.876378,1
1.0,34.38,10.0,80.0,9.297547,7.896698,7.703186,14.450807,10.86753,8.005041,37.836825,60.197381,62.183861,80.334892,45.825271,6
0.0,53.67,13.438709677419356,101.0,28.772113,10.522868,11.649874,17.482265,17.704425,12.19919,75.961172,77.176682,72.294379,88.533289,53.740516,6
1.0,50.79,1.0,74.0,32.384615,23.148361,23.668373,42.946219,34.20463,15.809301,25.901464,89.561871,87.555064,91.811548,62.2764,5
1.0,27.47,18.0,118.0,5.290835,18.206497,24.926805,19.444951,20.32887,13.291009,55.662882,61.812402,62.961893,83.9089,49.557052,3
1.0,51.19,6.0,112.0,7.030809,12.357672,12.853469,18.165027,19.216492,11.279551,47.002334,55.670561,74.087815,76.756356,65.908009,3
1.0,22.18,10.0,110.0,32.127361,21.01776,21.365594,19.951468,22.291201,20.681011,82.886364,49.831471,50.537516,68.08649,70.451307,1
1.0,18.39,12.0,110.0,41.109542,21.814079,16.45418,16.319277,17.228261,15.546463,78.226837,54.363648,55.447652,57.374931,80.031889,4
0.0,23.14,15.0,102.0,11.871539,17.117215,15.824575,17.79441,17.838022,15.266205,76.922091,64.438657,67.507351,95.158587,72.202519,3
0.0,38.35,16.0,117.0,13.054447,18.796621,19.250343,23.401188,23.006544,19.70819,96.923142,95.678655,96.357312,97.89299,95.887827,3
1.0,31.68,15.0,122.0,8.084561,6.309559,6.964763,7.942283,7.850772,7.691144,10.898799,71.314722,78.398623,92.365873,38.527958,3
0.0,44.5,16.0,112.0,8.596565,24.501415,26.119655,39.328116,39.034394,24.113916,46.895,77.406436,79.434654,86.531311,68.463183,3
1.0,34.27,12.0,88.0,18.617877,21.692053,22.250474,24.112429,23.834892,21.850608,55.36316,68.562977,69.18031,83.950711,56.733775,5
0.0,20.73,10.0,101.0,15.333074,6.675098,6.800114,6.50884,7.089848,7.574082,76.522718,73.100762,55.608534,59.095964,57.454263,1
1.0,19.74,12.0,123.0,10.411777,19.568735,19.877906,25.176694,24.793264,21.202759,45.463871,70.937041,73.289235,83.053828,53.928855,3
0.0,30.81,8.0,91.0,11.691533,15.770904,14.980559,17.207771,17.174167,14.294143,47.573818,41.663915,42.113295,83.551621,62.042053,6
1.0,21.73,14.0,99.0,44.110153,12.424904,12.130612,17.334178,17.143556,11.482188,39.559624,65.609921,59.217369,91.062576,56.003696,6
0.0,30.21,12.0,88.0,23.097931,15.878207,13.844434,20.507086,18.912555,11.982313,20.631979,64.794103,61.911246,73.818924,73.80348,6
1.0,34.16,13.438709677419356,142.0,17.629961,13.856576,15.34324,21.090498,19.762238,11.857158,67.96329,75.016229,79.891987,87.460512,67.037889,1
1.0,29.17,16.0,116.0,14.92147,16.814038,19.442577,21.24067,22.214669,18.227887,41.18894,68.919626,72.969582,95.805185,20.057777,1
0.0,31.23,16.0,115.0,11.850531,12.400318,13.372214,20.068898,21.11652,18.432427,72.63181,87.649197,90.428361,86.549837,84.73143,3
1.0,28.15,16.0,110.0,1.959439,4.18181,4.095714,4.588687,4.799841,3.495948,65.989704,73.339913,52.123491,79.764377,52.585857,6
0.0,42.05,12.0,107.0,12.962885,15.974448,17.282048,24.665525,25.973435,15.926999,28.709007,67.954451,66.348444,78.331121,34.230301,6
0.0,37.03,14.0,119.0,21.593755,7.671218,8.675754,9.965797,9.999849,6.936569,70.322949,77.213354,70.231914,85.129318,71.698924,3
1.0,51.05,12.0,76.0,6.377344,7.092994,8.100429,9.412298,8.12251,6.200129,57.008155,41.322661,44.421055,72.536536,58.092474,5
1.0,25.96,12.0,99.0,12.939284,20.500027,22.530741,27.328063,27.629866,20.948111,80.921125,91.740128,88.088477,95.307848,56.056782,3
0.0,21.37,13.0,90.0,7.627952,33.501744,33.937849,42.432125,42.838675,28.722954,65.158961,79.112501,74.60503,92.943822,77.07229,5
1.0,57.93,1.0,90.0,6.062968,12.854347,10.064687,14.252284,13.810697,8.802246,59.367331,66.442678,64.810839,85.229365,67.967041,0
0.0,21.68,13.0,99.0,20.069683,16.28596,16.323292,20.915035,20.943909,16.810386,29.704532,69.567381,53.707678,89.891769,62.060284,5
1.0,43.82,18.0,107.0,31.201524,14.025868,16.869001,17.159649,18.657598,15.815261,87.229074,80.078981,80.398842,82.002748,81.249097,6
0.0,63.79,16.0,90.0,8.653556,9.51633,14.910897,9.890814,10.056972,10.7248,65.924283,47.387768,39.211033,53.707308,55.149553,3
1.0,20.48,13.0,97.0,6.09171,6.26568,6.032083,7.817231,7.623664,6.137492,57.506169,65.828009,78.947695,79.053016,43.926523,3
1.0,21.79,12.0,85.0,11.976392,7.636145,6.976855,10.553433,10.772904,9.535321,58.544116,63.12841,57.312573,82.245525,31.428811,5
1.0,20.11,13.0,122.0,9.386904,12.700578,15.704952,18.293744,19.008942,14.175029,55.112654,74.924652,71.252062,75.600199,73.611048,3
0.0,22.78,14.0,77.0,5.534644,6.130963,6.020959,7.282897,8.015239,7.956422,57.961153,79.290804,78.093016,85.481626,39.707093,1
1.0,39.37,16.0,103.0,3.034265,14.328578,13.210961,20.246119,19.600272,8.152481,54.982081,76.001477,76.795428,77.727394,63.753407,3
0.0,23.14,12.0,84.0,12.57629,12.912246,14.016086,14.116419,15.319799,14.981251,74.868986,65.444527,57.71728,61.343689,88.737917,3
0.0,63.56,16.0,119.0,15.430072,6.990886,8.212194,6.71572,6.565463,5.917711,52.590134,65.082877,64.293955,92.891955,73.89717,6
1.0,33.69,16.0,105.0,7.274294,7.686362,7.208789,10.134211,12.412491,4.647037,47.667432,55.473001,55.216933,86.792758,76.191335,4
1.0,35.37,12.0,84.0,9.404977,9.675704,9.843756,10.335875,9.793562,8.197258,45.337545,63.578728,68.025787,86.374586,65.963937,5
0.0,33.7,13.0,96.0,14.257968,8.701441,7.654577,8.903445,8.854169,7.179784,55.074577,64.414971,59.704626,93.823878,99.801092,0
0.0,20.05,12.0,87.0,22.379427,12.026629,13.482959,15.687057,16.406654,13.444819,57.345387,94.931441,81.69746,96.047651,44.090713,5
1.0,25.95,15.0,109.0,18.860102,9.014324,8.702848,9.732263,9.474604,6.049423,38.830015,58.205471,64.090229,89.225925,90.139566,3
0.0,45.78,16.0,110.0,10.466721,28.358535,29.016674,40.396946,40.316318,25.073185,18.255413,65.662271,62.625265,82.25262,92.645914,3
1.0,22.32,12.0,117.0,33.786324,13.717186,13.956396,16.15927,17.071677,11.082834,26.631608,64.059152,73.351341,83.908519,53.397144,3
0.0,28.24,16.0,93.0,11.315974,12.582753,13.440769,15.699235,15.390987,10.293405,8.436532,35.957434,32.626986,84.634605,11.3087,0
1.0,20.5,13.0,100.0,19.124477,9.444708,8.747314,10.76693,11.128296,8.848157,46.013505,45.840778,49.690134,89.731536,13.610522,3
1.0,21.46,13.0,111.0,13.835494,13.74926,13.483509,13.809223,13.097651,10.365082,41.29204,73.576658,73.179191,86.763157,48.006664,3
0.0,18.59,16.0,105.0,10.481605,25.699687,22.136345,20.34874,18.884731,12.076494,36.921654,58.654203,57.942306,84.017833,87.567651,4
1.0,24.09,14.0,116.0,13.435849,5.849446,7.273056,6.387409,5.959012,5.592806,58.915814,87.069977,67.474439,97.79359,61.187593,5
1.0,31.28,16.0,62.0,14.013906,13.728128,14.580995,14.87624,15.450453,12.691467,59.745806,67.114147,66.649897,89.900458,54.63655,5
1.0,40.53,14.0,65.0,8.433774,16.259828,18.639331,13.187466,13.155032,12.131065,77.942301,47.42757,62.778498,89.095156,64.617405,5
1.0,19.96,16.0,96.0,12.605401,12.987538,14.458352,15.501653,15.333738,11.952124,56.812543,47.672678,54.117206,66.031492,67.27732,1
0.0,21.47,16.0,70.0,14.788153,5.18589,4.415617,6.687223,5.355223,3.356077,41.701819,69.588361,70.623664,85.417438,49.618554,5
1.0,63.59,6.0,100.0,9.165394,13.760453,15.165587,22.467804,21.784549,10.664581,44.80262,68.465434,69.451634,88.000891,53.568687,0
1.0,19.21,9.0,56.0,9.661583,8.962371,12.462094,9.674831,9.514241,7.925573,68.297053,58.952331,59.874214,89.906886,39.664267,5
0.0,49.59,6.0,60.0,13.076701,38.346774,31.989896,60.512042,53.883069,26.864651,28.678957,85.162201,86.993165,97.656185,46.046496,5
1.0,31.4,16.0,113.0,33.936749,4.552373,4.803421,8.004774,9.166271,5.068119,63.09341,86.968198,86.183478,93.352745,72.146707,3
1.0,18.42,13.0,100.0,18.359815,8.77722,9.34136,11.11233,10.43385,10.475825,54.057706,72.722468,81.218344,86.53556,52.960029,3
0.0,37.76,16.0,100.0,18.452876,14.555817,14.660447,18.30299,17.860322,12.410915,55.471787,71.483886,84.450927,91.632122,30.54317,3
1.0,25.72,13.0,102.0,13.483515,9.130173,10.842842,13.55991,11.275031,9.076417,70.566626,78.347187,81.375624,85.61022,52.080976,5
1.0,23.82,12.0,71.0,10.655691,7.38243,7.340336,8.714898,15.258246,10.171418,41.216143,91.165752,99.958243,94.244168,34.245464,5
0.0,44.91,12.0,61.0,15.643024,22.219105,22.027394,28.843621,26.184705,18.467819,68.265863,68.640493,78.132704,71.119938,94.40074,6
1.0,36.98,16.0,82.0,27.551757,10.195478,10.147602,10.430345,10.218232,9.814646,5.880364,52.777211,65.701031,62.595526,34.996834,5
0.0,31.32,12.0,78.0,30.809869,10.0794,10.1246,10.534394,10.651027,11.890534,68.320604,85.085707,82.308269,93.249756,21.071046,5
1.0,31.2,12.0,77.0,24.624471,16.754044,18.314724,23.327251,20.56765,15.476434,90.276436,65.563204,64.210641,84.127775,69.274528,1
0.0,27.75,16.0,72.0,19.902971,11.122595,15.366331,12.686712,12.634926,16.082504,51.698534,68.208464,75.252373,75.1947,66.367705,5
0.0,53.03,16.0,131.0,10.456856,11.76257,11.37763,15.041506,14.420638,10.479932,59.462506,61.197128,64.481719,84.191015,68.58207,3
0.0,50.56,7.0,93.0,4.688369,15.097783,15.80792,21.639988,21.554606,13.013669,66.032312,63.186093,61.479466,94.558278,68.781591,6
1.0,57.8,16.0,114.0,33.137234,12.653506,12.377244,16.080829,16.544908,11.248201,63.638526,66.699705,91.677769,84.999993,78.705358,3
1.0,49.62,10.0,100.0,15.213561,9.388395,11.420099,11.336782,12.948371,15.888391,17.769377,74.58768,86.544184,94.512177,7.364789,3
0.0,42.48,12.0,89.0,10.433151,8.11031,10.883404,8.786879,8.799016,8.055406,74.224991,59.169972,61.789467,82.962326,28.957156,6
1.0,21.36,13.0,85.0,8.297059,22.125287,22.352941,30.641205,31.308768,19.943962,31.517498,49.921285,41.513501,65.062047,48.377027,4
1.0,32.49,16.0,93.0,26.321249,11.873262,10.865623,17.44198,15.888035,11.42779,84.576905,69.790513,63.354603,74.586555,81.255768,3
0.0,54.93,12.0,90.0,9.787107,29.037658,27.365006,27.097767,26.896428,25.86859,52.415739,94.400954,94.391265,98.68749,34.69353,6
1.0,26.54,16.0,60.0,10.104208,3.943154,4.493183,5.192286,6.663812,6.239059,48.131702,64.521787,58.320461,92.83918,67.796929,5
0.0,18.72,18.0,107.0,18.669919,12.138375,12.062832,13.991942,14.15709,15.769251,32.739595,76.262853,80.617482,75.482224,39.144004,5
1.0,56.75,6.0,55.0,14.860399,8.535882,9.179389,8.055754,8.929908,5.373847,51.648846,70.632149,61.907182,73.51982,51.472724,5
1.0,19.87,16.0,91.0,17.435923,16.274808,14.155839,16.923628,16.075068,12.517992,39.707633,62.609284,65.087251,72.373708,48.24321,0
0.0,30.42,12.0,87.0,16.909151,8.456636,9.315905,8.933667,8.662543,7.510808,25.20451,51.269476,65.851911,83.04017,26.662954,6
1.0,23.91,16.0,96.0,2.185878,6.345496,6.057991,8.053411,8.105952,5.407764,68.711638,63.777538,57.068721,83.179621,88.979595,3
0.0,43.53,0.0,81.0,13.424418,5.340756,6.229993,8.864571,8.572906,5.42971,23.03678,58.388327,67.229834,83.311246,49.562048,1
1.0,20.88,13.0,66.0,3.757666,3.780387,4.300862,4.172488,4.242776,3.804213,29.041824,60.08107,58.727475,84.186443,61.096861,5
0.0,21.65,13.0,67.0,36.608442,9.264474,9.66715,12.169735,12.15236,7.638678,25.552975,65.849273,60.54531,57.382519,40.521389,5
0.0,61.02,13.0,108.0,10.757223,15.807971,19.849897,20.734542,19.903607,21.019763,18.900008,48.616487,49.039368,93.850723,47.188864,3
0.0,35.17,14.0,107.0,8.087597,6.08487,5.756625,8.224448,5.743834,5.245643,85.571604,72.725602,72.421946,86.5314,66.888337,4
1.0,25.56,12.0,102.0,7.088924,4.243685,4.38261,4.930768,5.181511,3.948882,74.443835,43.288003,84.390633,87.075064,44.087776,1
1.0,19.02,12.0,83.0,9.788605,8.86536,9.791559,15.088388,14.013876,5.909024,75.97476,48.613026,75.664454,57.183244,57.018533,3
0.0,45.64,14.0,100.0,5.64104,6.977826,8.504873,8.388629,10.440255,10.194456,43.563367,56.533862,64.238947,90.351017,64.929498,3
0.0,57.8,12.0,80.0,9.508723,4.446092,4.703461,5.612056,5.845881,4.660106,40.976476,57.155087,69.688002,72.884171,49.557562,1
1.0,19.19,13.0,93.0,6.222776,5.401952,5.570689,7.178519,6.853867,5.270399,40.597404,69.494156,61.611562,70.714455,55.442759,1
0.0,37.09,16.0,106.0,6.5238,10.515161,10.95775,13.090981,12.869523,8.982977,32.921752,58.598939,80.170951,79.04534,66.569993,5
1.0,65.39,6.0,100.0,30.129572,10.818295,11.607397,14.648998,13.580707,10.258828,71.519312,71.340939,70.099751,87.823075,46.488621,3
0.0,52.13,18.0,106.0,9.713735,7.206227,7.185921,6.771941,7.279103,7.03402,58.472395,84.016718,83.742846,89.149069,58.512658,6
1.0,20.69,7.0,61.0,8.847748,6.610536,7.18398,7.26232,7.855159,5.760491,34.086304,68.223754,65.575909,93.197436,99.573433,3
0.0,27.82,12.0,64.0,8.199715,12.325859,14.293819,15.270429,16.86469,13.690636,37.095616,91.20907,94.85084,97.853371,61.243475,5
1.0,58.18,12.0,107.0,11.203538,7.930868,8.332068,8.329173,9.110761,8.790406,28.28553,62.506769,60.012106,80.572691,85.63403,6
1.0,62.66,6.0,92.0,8.337804,21.17726,22.312607,21.421818,22.206005,20.715272,75.519664,54.853307,91.004072,71.152309,89.301936,0
0.0,56.09,16.0,94.0,6.890349,5.094446,6.891881,4.814362,4.866291,4.827723,34.300127,55.379275,51.402628,90.304718,33.275293,6
1.0,24.99,17.0,110.0,22.967534,34.685598,39.396229,42.268191,37.594611,27.510187,21.380516,60.317547,58.561119,75.247217,41.065184,3
1.0,18.72,12.0,93.0,7.987054,4.81572,5.301005,6.259956,8.143192,4.672747,61.533431,63.224455,71.866907,86.942864,38.282496,1
1.0,28.9,12.0,99.0,5.079565,12.826028,14.12209,17.223421,17.829567,15.486143,37.736152,63.936627,66.476774,90.984488,75.170369,1
0.0,25.46,16.0,109.0,13.141582,3.774018,4.179171,4.619322,4.316536,3.820144,33.576034,58.946393,69.408539,90.878682,38.396131,5
0.0,27.55,16.0,84.0,7.465282,15.135051,13.934455,18.573,17.206816,11.548841,80.415006,66.855735,68.755078,67.709877,60.124211,6
1.0,19.46,12.0,117.0,6.012833,8.644997,9.296021,10.244992,10.010274,7.702881,35.001896,43.060904,40.576696,66.059582,37.528958,3
1.0,50.69,12.0,97.0,29.829892,20.180056,22.04882,26.196836,25.982538,20.980415,44.219056,72.893062,71.733014,91.06403,22.955657,0
1.0,19.48,12.0,110.0,12.697035,6.120906,6.725901,6.613095,6.899846,6.614536,64.016107,72.28776,54.942809,85.998231,52.87416,4
0.0,33.15,16.0,65.0,6.48317,4.876359,5.379292,5.936406,7.369745,5.723044,51.705139,81.002761,78.591688,88.943598,36.901772,3
1.0,25.2,13.0,91.0,32.328012,16.428348,16.84001,17.655759,24.485291,18.663833,46.506433,58.962839,58.936006,69.324648,41.821205,3
1.0,39.42,18.0,97.0,8.980064,9.004342,8.804947,8.740234,11.512266,7.847907,57.715688,58.626797,61.348039,88.42259,49.401347,6
0.0,27.25,17.0,122.0,11.272568,26.449311,22.225554,22.326734,24.871767,22.73546,9.965423,48.148997,45.758129,79.955849,29.671102,6
0.0,26.48,14.0,91.0,11.08335,8.875164,9.113952,10.331464,10.938338,7.511604,7.380089,59.766236,59.490941,91.312004,44.377361,3
1.0,19.38,10.0,74.0,46.542262,17.280346,17.367364,21.39826,22.134618,16.54634,28.093859,73.970106,77.647218,88.687658,59.913174,3
1.0,27.73,12.0,109.0,15.989801,22.64969,25.03538,29.673041,30.058268,21.244235,50.41822,97.190596,92.239678,99.393971,51.090698,1
1.0,23.6,16.0,100.0,9.352735,14.912725,19.271991,22.835151,22.101017,13.141226,40.911709,81.77731,79.536964,96.054415,35.134216,1
0.0,49.78,16.0,112.0,12.60575,8.359698,8.313778,12.062208,12.540674,9.424426,34.129799,48.260818,57.690779,77.459763,51.329016,3
1.0,19.4,13.0,109.0,12.27595,8.997255,9.224791,9.548029,9.735845,11.80997,22.58393,57.862418,62.693993,94.923663,47.214316,3
0.0,29.93,16.0,103.0,9.324832,7.84463,8.560151,10.426532,10.429027,9.398424,26.109794,45.176191,41.180239,81.550411,34.827036,3
1.0,20.57,13.0,71.0,5.385483,20.544426,25.520258,20.688557,20.985029,21.817541,90.550291,84.997201,78.763615,86.304492,88.161509,6
1.0,50.4,12.0,89.0,8.828243,11.727842,12.418553,14.476383,13.709277,10.735246,63.803726,50.188595,46.257464,86.920825,7.509929,6
0.0,23.34,16.0,81.0,17.852173,5.929696,7.236134,6.163075,7.272813,10.310778,25.395711,65.97869,63.775923,84.02165,32.265261,3
1.0,27.7,17.0,129.0,10.257484,9.062233,12.96614,11.567438,12.797559,13.185423,57.141649,71.645855,63.42673,85.278967,63.703664,3
1.0,24.65,12.0,110.0,15.7027,15.094075,15.545804,19.786528,18.901075,15.1726,50.032915,53.213013,52.333178,74.025775,19.212242,3
0.0,47.44,12.0,72.0,33.217215,18.560398,22.312849,21.378999,20.947552,17.086923,54.048075,58.08087,71.744084,64.257531,38.277507,6
1.0,56.58,12.0,99.0,18.163545,12.557597,11.127851,14.960963,13.433162,10.418011,48.95183,44.544097,42.058541,69.919546,71.804411,3
0.0,21.6,14.0,99.0,15.357483,13.000378,15.511865,14.481752,15.600855,16.353991,51.006542,81.961984,81.296931,96.057979,58.379304,3
1.0,36.53,14.0,96.0,29.133276,10.394369,14.350473,15.079248,11.485625,11.093304,51.086745,70.435587,63.130596,90.338702,17.70639,1
1.0,55.83,12.0,118.0,22.985721,7.291408,8.249527,8.325898,7.54029,5.466791,16.075264,51.203,50.735945,91.14564,50.869106,5
1.0,27.51,17.0,122.0,25.646543,25.315343,19.638613,25.353884,22.327623,18.094765,65.69171,82.842526,77.515278,97.644093,44.514273,3
1.0,19.85,13.0,105.0,15.578304,20.792199,20.308274,21.405771,20.143883,17.767641,51.497296,55.176881,38.562857,88.572459,30.064358,3
1.0,24.12,13.0,100.0,15.89144,11.756897,17.290582,14.692705,15.689156,14.271475,67.312578,55.502717,60.442988,64.716608,64.778228,3
0.0,57.78,12.0,97.0,12.805722,5.074205,4.811401,7.813476,5.937845,4.095431,52.021849,34.660965,39.827934,67.257632,16.816479,6
1.0,20.15,12.0,73.0,27.575157,11.47098,12.022398,12.671231,12.629989,10.144998,21.896727,76.75282,69.862141,86.463419,43.131483,3
0.0,50.22,16.0,116.0,22.330061,16.457808,16.431784,17.393737,16.682796,16.723618,73.121495,77.131473,76.079525,97.259693,52.950728,3
1.0,24.56,13.0,102.0,16.260079,16.529386,17.783115,19.661019,19.33154,16.903183,45.164077,59.50276,69.050774,89.831516,40.684066,5
1.0,19.17,12.0,86.0,4.796373,5.861338,7.120728,7.197722,7.263213,6.883412,22.877102,67.807553,65.800359,89.876365,63.017551,1
0.0,32.69,17.0,112.0,5.339349,13.069813,12.326896,19.364151,18.901679,12.122665,23.719138,47.186978,57.094057,63.791647,46.945775,5
1.0,19.77,12.0,90.0,11.248331,14.75204,14.768415,13.117739,13.4093,14.559795,67.944311,77.248612,77.104534,91.701185,86.522781,3
1.0,27.34,13.0,108.0,8.200306,10.269406,7.846687,10.030809,9.860227,6.777549,49.869478,68.150169,78.252795,68.661221,42.180421,3
0.0,21.31,15.0,108.0,17.031726,15.098829,12.712807,17.119468,16.04867,9.271795,43.289185,65.09207,70.812455,78.531453,42.795367,5
0.0,60.77,12.0,117.0,7.985989,18.380528,20.970205,23.694068,24.000183,21.080295,38.670326,82.113743,79.858465,91.410799,30.124772,1
1.0,18.93,13.0,107.0,5.706762,9.828278,12.083961,7.82121,9.789792,6.204931,52.459391,54.069656,58.848882,85.644969,44.936735,1
0.0,20.17,13.0,92.0,4.77803,9.024115,7.903331,9.159991,8.612149,7.313776,78.659397,36.049096,36.282688,59.162219,63.17177,3
1.0,42.29,16.0,108.0,7.290564,9.835721,10.669834,15.281124,13.651756,10.805776,41.190177,61.143048,60.28043,92.06877,45.450908,1
0.0,29.85,16.0,94.0,10.280925,7.209234,5.57966,5.812376,6.126522,7.932468,39.274615,85.996033,89.038852,85.304185,67.396437,1
1.0,46.21,12.0,123.0,3.415768,10.233459,10.366801,14.322691,12.481671,9.263151,7.453389,56.301423,63.693924,87.913627,63.924546,0
0.0,22.99,12.0,93.0,26.898215,12.360009,15.28212,18.382119,21.189428,13.498167,66.876767,67.563688,74.180167,95.165338,71.294211,3
1.0,35.47,16.0,99.0,12.393984,9.875704,11.911859,11.914764,11.616267,7.555492,10.782445,76.623636,65.789778,80.487748,48.351944,5
0.0,25.68,16.0,117.0,32.559432,23.740867,23.78222,23.860425,22.99411,20.493828,76.178721,62.503044,73.991458,81.059586,10.58502,3
0.0,38.83,16.0,114.0,16.738096,12.289229,11.22885,19.371362,18.133633,12.453611,39.369727,50.811201,55.569708,55.204391,66.874164,6
0.0,31.55,16.0,103.0,13.849039,26.576412,26.462389,41.193589,43.809709,24.916696,30.032725,66.990234,59.480407,92.436548,46.303823,3
1.0,56.27,9.0,88.0,12.619442,6.217589,6.625977,7.970061,8.756937,6.722296,16.426836,70.830109,74.948564,67.850882,59.43816,5
0.0,20.0,9.0,104.0,15.440898,6.237772,6.812064,8.0769,6.33984,7.257946,46.577759,86.986723,85.389715,96.748338,34.608769,3
1.0,44.62,16.0,119.0,4.233443,3.426959,3.912999,3.932002,3.901643,4.340345,57.727577,75.983311,46.991883,86.313997,55.269235,4
1.0,19.54,17.0,119.0,9.180237,5.553095,5.424442,7.068366,5.901728,4.605324,52.268103,91.913706,93.187377,86.240996,50.822255,3
0.0,54.62,12.0,81.0,16.212332,12.760417,13.755048,14.87236,16.010651,13.480573,42.323475,67.301406,70.985952,60.603475,61.008883,5
1.0,20.95,13.0,86.0,17.03213,21.478113,21.95777,24.259886,24.202271,21.989552,76.363046,72.006629,81.837947,70.19319,70.930443,1
0.0,32.59,12.0,66.0,4.839448,4.77437,4.591494,5.711178,5.22197,4.052037,46.531577,80.212322,78.488941,96.800025,62.290409,5
1.0,18.44,13.0,128.0,12.990301,11.646573,15.015287,16.390406,15.278004,10.878394,14.723182,68.144105,61.468574,84.843928,42.721482,3
1.0,21.91,12.0,90.0,10.10162,5.20705,6.631941,5.954827,6.055404,6.035373,36.929831,61.009147,64.00338,69.98921,31.224359,1
1.0,55.88,12.0,89.0,4.082786,6.739198,7.334222,7.8835,8.536036,7.182474,71.874979,86.915952,90.113692,87.961743,78.791861,3
1.0,29.58,16.0,133.0,13.528732,5.09591,5.395697,5.729796,7.081691,4.659879,82.051577,70.422739,80.525606,76.199017,29.564446,3
1.0,22.75,12.0,98.0,33.549029,20.188747,21.155592,22.441775,22.788196,18.985503,13.611285,43.513621,49.412581,82.468866,82.563435,1
1.0,20.31,7.0,127.0,5.641637,4.985749,5.152673,5.001651,4.671614,4.1772,18.675137,92.790127,75.966325,98.595612,53.005142,0
0.0,34.79,12.0,59.0,19.281876,7.062067,7.797962,8.724545,8.993529,8.385306,57.102008,77.703128,82.163703,85.990002,82.294377,5
1.0,20.46,13.0,84.0,12.638353,9.743895,9.859758,11.647439,11.709401,10.798411,23.823344,74.197222,72.699869,93.195806,30.294103,6
0.0,26.54,13.0,77.0,15.505028,9.991942,11.554481,10.584772,10.698047,10.891136,60.409118,62.737007,62.963252,87.481794,31.582749,3
1.0,21.14,13.0,89.0,18.771254,6.416946,6.698585,8.441314,7.875481,11.435372,47.766461,75.144451,73.795052,97.156877,50.167074,4
0.0,49.49,12.0,81.0,17.882548,17.061545,18.271905,21.070514,19.979461,13.213708,44.541803,77.714926,67.562054,93.15783,73.892956,3
1.0,24.67,16.0,99.0,5.465257,5.458161,5.804536,5.989749,5.962842,7.729097,9.53006,74.408919,66.481189,76.539834,26.264678,3
1.0,19.37,14.0,88.0,11.505503,10.525418,11.546815,13.92016,12.939253,10.308699,34.195273,64.986344,62.242194,76.213278,82.963097,4
1.0,51.6,12.0,94.0,8.953072,5.810514,7.662268,13.652788,15.157734,9.419145,24.81287,69.242385,54.242752,71.725794,43.913368,6
1.0,25.94,13.0,107.0,17.508588,7.848111,9.495779,12.974235,12.768335,8.931164,57.229764,65.727735,84.48785,93.203493,41.942604,3
1.0,26.17,13.0,93.0,12.144365,6.836599,8.175428,10.758317,8.772797,7.072941,69.443962,81.780178,84.105755,88.665929,64.70758,3
1.0,21.26,13.0,95.0,33.149039,15.695658,17.340409,16.322886,16.469977,23.466102,21.115866,77.648997,72.237398,76.629667,43.904848,3
1.0,33.42,13.0,99.0,15.882468,42.453634,39.907889,52.300091,51.325066,41.029833,18.630615,73.729886,64.386849,91.004736,42.134199,5
1.0,30.32,12.0,110.0,11.044359,9.965409,9.928278,10.670757,10.919773,10.423632,44.876701,79.097666,88.634103,95.393225,53.571209,3
0.0,25.98,13.0,76.0,9.551736,11.593223,11.898243,13.270864,13.487339,11.137675,45.614111,65.372678,84.386674,87.319132,40.014441,1
0.0,27.33,13.0,127.0,9.973777,8.736533,11.837249,8.406403,9.097551,8.31101,53.450584,52.009684,68.850863,61.37749,64.961208,3
1.0,35.8,16.0,112.0,7.882949,3.743913,4.814028,5.166796,5.076614,3.488435,37.645214,83.63057,69.761113,90.015117,65.611037,1
1.0,40.7,16.0,97.0,12.928925,10.20072,10.81184,13.514817,12.367929,10.297341,28.354026,74.591725,64.276744,88.517754,78.11568,1
0.0,34.36,13.0,101.0,8.674228,13.341907,12.037439,16.235143,12.663325,8.722198,47.45996,54.528348,58.064127,73.122304,40.911543,6
1.0,28.76,16.0,93.0,7.580576,7.553699,6.783344,7.598432,7.296299,6.023446,38.944678,68.765827,70.035708,77.569028,40.474592,3
0.0,20.9,16.0,107.0,14.322875,10.988204,9.056478,11.088949,10.198982,7.752954,38.002795,49.898826,53.439112,80.342488,39.384153,1
1.0,20.18,13.0,87.0,23.161631,18.992176,21.903749,26.903998,29.07776,19.009924,46.270878,74.119986,82.301009,82.019041,59.89121,4
1.0,41.11,18.0,138.0,6.440082,3.841967,4.28345,3.783202,3.448635,3.219139,61.435291,75.056175,76.772364,95.822996,62.229236,4
1.0,21.22,13.0,134.0,10.234884,9.417602,9.489849,11.214573,10.676732,7.88326,71.063819,75.994257,74.471684,81.528834,64.758002,3
1.0,55.25,16.0,120.0,6.109755,7.785226,8.8096,10.545944,10.817598,8.324689,48.918642,80.316904,80.641786,95.549887,63.089029,0
0.0,22.71,13.0,80.0,6.340195,21.057303,21.14262,25.706564,25.372751,20.246211,61.892462,80.924747,78.724421,94.90646,66.666116,5
1.0,19.73,12.0,98.0,12.732417,6.765355,6.779963,7.991273,8.879457,6.242083,46.882586,69.387596,71.283407,84.777459,59.736472,1
0.0,36.27,14.0,93.0,20.736886,14.597639,14.171435,15.767458,17.763505,12.84477,58.816317,84.528922,81.62512,95.999117,29.844419,5
0.0,19.06,7.0,119.0,2.933548,4.965871,4.894249,6.215937,5.604211,3.744427,32.664177,76.252543,81.493554,86.24184,67.848463,3
0.0,18.5,13.0,99.0,14.73448,11.737597,11.979449,16.842309,16.140674,11.0363,26.284934,61.920909,66.839305,71.655434,39.371257,3
1.0,38.58,16.0,107.0,7.979262,7.464144,6.025954,13.312838,9.495539,4.223068,8.438131,61.022493,60.25361,94.859346,41.704979,1
1.0,20.89,13.0,121.0,14.566205,11.457074,15.898502,13.867159,14.379772,12.923989,51.808903,72.686135,81.496518,93.762169,57.498987,4
0.0,38.0,13.0,79.0,12.57732,18.904995,20.611727,23.237305,20.340783,16.389897,38.46526,85.791434,99.072723,94.579325,22.40947,5
1.0,18.69,12.0,75.0,27.812634,8.874442,10.256498,12.206681,16.441939,28.608637,54.211403,66.945551,73.263648,88.232942,31.739384,5
0.0,39.52,13.0,114.0,4.674471,16.321619,17.516245,20.585168,18.684749,13.398623,42.689314,83.893734,86.8015,82.735639,52.272382,5
1.0,41.18,12.0,99.0,9.702396,13.613097,16.270046,19.38914,18.174282,10.730576,22.394327,56.825012,62.536277,88.484297,48.712483,3
0.0,54.96,16.0,111.0,11.73488,4.347614,4.644368,5.341992,5.303872,4.909264,68.136644,76.53956,78.9656,91.618432,56.027008,3
1.0,23.39,13.0,95.0,36.696991,10.439045,9.705636,10.052763,10.079978,9.037588,41.321981,80.438338,78.72306,86.092314,60.918086,1
0.0,24.78,14.0,88.0,8.491801,12.75344,12.867364,16.856895,15.024697,11.785594,71.213833,86.472277,84.707547,98.169121,62.337726,3
1.0,20.08,12.0,93.0,12.047706,13.446552,9.913737,13.547791,11.409871,6.272966,20.168539,66.078682,64.75413,77.07858,43.738751,3
0.0,25.71,16.0,107.0,9.759432,10.506003,10.564412,11.960377,11.778944,9.821642,59.767818,82.665273,87.594707,88.821784,70.351714,3
1.0,19.78,12.0,83.0,10.157796,9.943147,10.465647,12.220421,12.051742,9.572508,26.000502,54.888622,46.496803,78.806389,48.535562,3
1.0,38.95,12.0,99.0,12.369881,5.820117,6.246135,6.094886,6.206928,5.253428,81.971123,61.803727,46.432222,82.55513,59.442956,6
1.0,20.19,12.0,101.0,14.109787,14.163181,14.854756,16.312301,15.008465,13.804046,15.727571,55.10606,31.083862,63.807313,41.600588,3
1.0,32.54,16.0,82.0,8.687891,9.65198,10.038569,10.604273,12.358209,14.890824,71.941189,58.916468,57.488512,85.194026,33.567579,1
1.0,20.1,12.0,105.0,26.123028,20.755876,18.7536,23.425099,23.854406,15.187313,34.59733,80.621899,80.307289,60.911922,84.180347,1
1.0,47.36,14.0,110.0,6.006259,8.990859,9.27505,9.773546,10.19212,8.71661,40.486574,75.43463,70.222039,88.090086,58.354371,0
1.0,22.19,12.0,84.0,11.950504,11.218879,10.879131,13.59911,12.302553,8.061331,54.938161,66.023053,60.730681,65.351138,53.69133,5
1.0,43.46,16.0,104.0,17.718658,7.771781,7.807646,11.470193,11.150813,7.347568,65.490937,70.267211,66.683114,81.635374,46.33932,6
1.0,38.1,16.0,110.0,20.024713,20.665281,12.827058,12.213123,12.366364,15.883011,68.933977,53.145705,84.973636,56.729848,60.609201,1
1.0,20.16,12.0,93.0,15.578621,11.515643,11.711868,12.952977,12.381659,10.517755,76.496248,77.855715,69.719756,90.853451,45.167684,3
0.0,23.16,14.0,87.0,11.244134,23.073387,26.452023,21.650787,21.510923,21.551117,77.805697,72.821008,43.136168,83.14583,57.926285,5
1.0,20.07,10.0,114.0,18.013285,15.502879,19.173305,16.883686,16.446448,10.978948,77.93121,79.371378,81.643498,91.308386,51.822695,1
1.0,21.25,13.0,91.0,28.147743,5.715136,5.802577,10.328559,6.614233,7.639718,93.673311,88.354233,90.352874,94.794059,75.488031,5
1.0,29.95,14.0,75.0,28.283829,11.303712,11.701451,13.966588,13.292365,11.010522,45.013057,76.202562,78.544319,93.977588,32.536731,5
0.0,28.33,14.0,84.0,13.65777,8.35349,8.673754,12.201137,11.876018,7.267917,13.292857,75.315791,68.139263,78.609415,24.007849,1
0.0,31.3,13.0,86.0,23.693362,7.443413,8.311323,9.096097,10.098833,7.356252,21.240813,75.074008,65.395039,93.005346,28.902109,5
1.0,33.27,16.0,122.0,18.206423,11.307343,13.877172,11.338987,9.984621,7.538687,77.638746,68.979322,74.514393,93.309219,74.847978,3
1.0,21.72,14.0,108.0,12.707745,12.308351,12.827452,16.655523,16.055601,10.264178,78.170129,65.987412,82.652978,68.762346,57.32659,5
1.0,22.8,13.0,79.0,16.346397,8.039313,8.525024,12.708275,12.068685,8.880164,69.345951,81.285604,95.891488,95.546599,44.642676,5
0.0,41.9,12.0,53.0,10.312938,10.600506,10.963998,14.315261,11.369626,9.224303,70.144203,77.008771,77.492405,87.446845,37.70063,6
1.0,21.29,13.0,105.0,9.883911,5.34242,5.575799,9.362149,9.693108,4.774361,36.131934,67.430821,69.235859,74.253643,20.085061,1
1.0,21.73,13.0,77.0,68.939248,17.442666,21.144396,20.679156,18.778744,16.11214,64.173389,55.896063,72.856407,82.696877,48.061897,1
0.0,19.08,12.0,83.0,25.371026,11.065772,11.428511,15.297851,13.493425,13.127005,12.891215,44.67628,44.688694,77.253001,47.783004,1
0.0,24.19,17.0,107.0,15.467448,6.188859,5.610771,12.321318,10.71395,4.416981,71.40002,63.811001,78.146663,73.149629,85.47145,3
0.0,23.92,16.0,97.0,5.616167,9.377289,9.31521,10.982347,10.998989,9.560027,59.828962,78.151281,81.764703,73.146954,63.557062,3
0.0,40.71,14.0,73.0,14.274421,9.187596,7.969776,8.905516,10.409683,10.473227,27.205019,70.015494,67.662222,93.044199,39.701158,5
1.0,32.77,16.0,98.0,27.811259,24.90959,26.44126,33.699208,37.046116,28.274453,27.2574,80.440692,74.120369,93.545565,48.893496,6
1.0,29.27,16.0,104.0,20.832572,8.846809,9.134394,10.049943,8.546727,5.621096,76.071613,88.313745,85.864681,97.986137,45.662453,0
0.0,54.44,12.0,98.0,4.925745,4.491446,4.455201,4.893449,4.734893,3.547116,41.786503,69.783055,70.920846,85.140335,47.71925,5
1.0,34.73,16.0,122.0,11.087735,9.953966,10.768956,10.829899,10.919958,11.476061,14.918006,76.414577,79.970471,81.38176,57.684006,0
1.0,44.45,13.0,80.0,17.421808,23.734602,24.643539,34.754938,34.247942,22.82845,44.238768,82.256185,76.696783,89.19556,37.029248,1
1.0,19.35,9.0,67.0,9.926168,16.65392,17.712182,19.09342,19.244072,19.442709,5.526053,59.05345,56.815741,63.79793,39.060363,6
1.0,19.97,13.0,80.0,5.651845,13.116291,13.582743,18.521885,18.583563,11.722034,79.415274,78.026959,79.235695,81.601384,73.102734,3
1.0,26.51,18.0,116.0,4.515936,8.082203,7.851111,15.14763,12.214294,6.299994,21.336418,73.350739,57.731382,91.653243,20.108812,6
1.0,28.29,13.0,108.0,19.60095,9.364402,9.449746,12.741892,13.875058,9.431731,19.024275,56.765023,58.815697,81.496713,20.328288,3
1.0,19.88,13.0,63.0,7.086708,6.872599,6.709958,6.408625,6.817158,6.435861,52.107146,95.585955,92.408121,97.980694,73.282273,3
0.0,47.84,12.0,93.0,47.229436,14.957993,18.168355,16.85887,16.855436,18.243441,58.675179,92.579722,70.965096,98.042922,26.726341,3
1.0,36.21,16.0,93.0,20.353647,8.564953,8.683017,9.468006,9.475809,8.10803,24.602085,71.664881,60.828433,83.705804,49.515437,6
0.0,22.0,12.0,106.0,5.262199,3.650747,3.929003,5.10287,4.74358,4.123758,34.432132,82.832889,77.861018,90.168005,40.835622,6
0.0,21.0,12.0,77.0,10.998454,12.534166,13.228967,17.973985,16.24229,12.87866,32.759876,75.898019,72.896694,90.668876,38.394396,1
0.0,29.21,13.0,115.0,35.328303,10.444852,11.710017,14.229877,13.71394,10.666367,59.375018,64.578368,59.170267,86.609583,44.94941,6
1.0,19.23,12.0,79.0,10.396168,10.145994,10.783889,11.112925,10.441798,10.088483,43.804386,72.517216,67.793044,81.209571,45.117775,5
0.0,60.37,13.0,91.0,6.888634,7.892641,8.175604,8.954761,8.749994,7.556544,11.521298,68.099352,66.328248,79.7961,18.980247,6
1.0,22.22,13.0,103.0,21.935685,15.361563,14.265411,16.226024,20.502063,11.324463,49.811891,73.453457,71.133933,92.745694,43.318042,3
1.0,22.79,13.0,82.0,15.138234,5.923009,7.55708,7.102388,7.421588,5.814428,65.336572,71.667541,66.747171,71.84314,57.126556,5
1.0,51.84,9.0,76.0,7.409069,4.373793,4.238067,5.819518,5.487452,3.302724,61.308808,68.599438,60.160362,85.712594,85.164218,3
0.0,23.38,16.0,93.0,7.525924,12.665814,12.925259,17.446247,18.27253,13.088084,36.599942,71.615255,68.928168,79.201447,55.991238,3
1.0,19.31,16.0,134.0,5.355413,11.791211,12.556448,13.646971,14.018469,9.298281,64.953974,70.757123,73.302495,90.368662,69.97152,6
1.0,43.5,16.0,107.0,12.581644,8.269229,9.555989,10.576112,9.201306,8.079037,29.446235,75.491272,79.913632,80.370208,40.09611,3
1.0,25.79,10.0,103.0,23.530492,15.281856,15.954287,17.769343,17.965559,13.575056,53.844123,63.867001,54.634574,71.276899,54.120689,1
1.0,28.06,13.0,84.0,23.389831,13.697844,14.45759,14.559122,15.092293,14.063851,90.546728,80.725467,76.416243,94.365941,56.504595,1
1.0,27.73,12.0,83.0,10.009366,9.482863,10.074977,11.330705,11.546405,8.319415,54.464586,73.330288,70.222018,90.49463,70.748036,0
0.0,18.88,13.0,85.0,7.906113,12.103339,14.145912,18.051792,21.244071,15.213748,91.966514,71.739424,70.375669,90.095669,75.30837,3
1.0,47.21,16.0,101.0,7.580925,8.365488,8.441172,9.588343,9.077965,7.464302,61.46846,73.682724,74.432726,97.106047,54.934238,0
1.0,20.98,12.0,59.0,14.674757,15.361598,16.106621,17.516351,17.75035,19.348614,36.103366,65.342182,58.646624,71.861387,60.62358,1
1.0,22.77,13.0,114.0,11.46926,14.060226,16.096187,18.569769,18.639083,14.538693,61.818881,56.163275,53.502813,78.194453,16.919809,3
1.0,20.52,13.0,98.0,10.470927,12.934477,14.833474,17.013045,17.139782,13.262833,30.571101,52.409157,53.95155,69.295184,62.881654,3
0.0,21.15,16.0,101.0,11.854692,12.435421,13.418447,17.617905,13.975489,9.253491,80.268697,61.517127,82.527041,74.835259,61.361338,4
0.0,53.27,16.0,93.0,22.883538,12.29674,15.312871,15.50932,15.66157,13.487496,73.818714,50.959685,73.124937,88.955097,56.937349,6
1.0,20.98,12.0,61.0,15.696087,7.457535,8.045818,7.294211,7.481368,7.812305,47.723495,81.539271,77.083844,93.353418,41.027859,3
0.0,25.11,16.0,100.0,18.135995,10.582344,9.278267,10.316345,8.856648,8.080713,33.217588,64.607605,61.808164,82.907512,45.142062,6
1.0,46.03,16.0,100.0,7.060981,13.241394,11.476157,16.119336,14.358048,10.453525,60.425848,76.434861,76.959325,93.937937,83.988014,0
0.0,58.12,12.0,102.0,12.567626,7.599059,5.15885,10.561401,8.687003,4.982151,63.681189,73.679484,71.030153,86.920541,19.882852,0
1.0,31.78,16.0,85.0,5.812753,12.862278,13.099347,16.212082,14.508743,9.976009,30.990569,68.934134,68.772942,94.093743,16.307325,0
1.0,28.05,12.0,102.0,6.856982,6.951072,7.314241,7.377692,7.509364,7.371735,9.666355,68.337543,72.631456,95.697644,51.936124,4
1.0,59.44,12.0,99.0,2.970826,18.298676,17.725459,16.522862,16.519329,16.171286,55.571245,87.729925,83.194013,95.636248,51.0202,6
0.0,59.12,12.0,92.0,14.517277,7.069883,7.22184,13.410097,9.547824,5.436727,56.303749,65.984605,60.750232,80.570079,41.019322,5
1.0,31.07,12.0,98.0,4.508197,5.010764,5.265098,7.602214,7.612498,5.830657,46.087842,48.934604,53.535956,94.422008,46.699416,1
1.0,28.02,13.0,90.0,3.381081,6.844274,7.331024,8.540614,7.887994,5.914963,53.937437,33.788843,59.911169,34.128816,56.559911,1
0.0,37.76,12.0,78.0,23.269979,13.462371,12.885239,16.57708,15.86402,10.06948,74.151774,45.051525,42.297111,82.749931,46.950335,6
1.0,20.41,12.0,77.0,4.576681,5.445545,5.893432,7.34723,6.361283,5.819364,59.213574,79.843872,79.249817,87.472063,59.629908,1
1.0,33.38,13.0,114.0,24.868032,9.423457,9.787018,8.641546,8.799311,7.729718,43.15196,56.064203,54.764721,87.351964,32.711677,5
0.0,23.51,14.0,50.0,15.253141,10.048675,10.329046,12.55369,11.740434,7.758523,69.834378,80.403062,79.805542,92.095502,62.60117,5
1.0,55.46,9.0,96.0,12.153295,25.275037,24.98272,31.439047,30.198789,20.136186,36.486179,83.162089,54.953286,96.801471,30.620701,6
0.0,19.41,13.0,105.0,5.975165,9.612448,9.428447,12.852399,12.2505,8.697748,32.944896,66.409774,64.119405,80.594471,45.272506,3
1.0,46.79,13.0,103.0,9.141047,9.176289,9.597513,7.257293,7.252054,7.18448,86.7722,70.620511,76.885948,88.443326,43.556947,1
1.0,18.41,12.0,73.0,6.961367,11.631458,11.712304,12.425665,12.032837,10.108044,24.079034,63.223966,53.633443,91.89233,59.886179,6
1.0,20.67,12.0,60.0,18.346454,23.637307,21.242062,36.832862,31.308687,17.900558,6.859131,41.851686,54.622259,54.241597,44.685628,6
1.0,20.08,13.0,91.0,7.442655,16.919513,27.322047,20.238112,18.690828,12.81304,54.080702,59.152626,57.806868,78.439283,72.64623,3
0.0,26.05,12.0,81.0,30.669945,13.618642,13.025707,10.374903,12.378558,11.336923,57.633481,75.702625,76.367102,88.62584,76.441748,1
1.0,22.99,13.0,99.0,15.539058,7.758692,11.051874,7.456916,7.403518,5.265185,66.504008,82.132058,82.92215,93.378105,71.013746,3
1.0,30.32,16.0,125.0,11.757344,12.475045,12.555859,16.54138,12.537955,8.82657,6.45418,78.012025,74.174122,92.172925,30.536885,0
1.0,24.79,12.0,105.0,16.804178,7.20111,6.654572,9.13186,6.741811,5.774697,85.832444,44.213744,65.197796,62.925468,38.897972,1
1.0,34.09,16.0,115.0,8.373657,10.083623,11.11364,10.031131,9.718287,10.057933,61.015917,77.240855,64.482325,88.032864,50.757573,1
0.0,28.63,16.0,88.0,20.425375,9.147674,11.128051,16.310922,11.913689,11.457144,74.12733,76.282795,76.488045,87.870859,63.844203,3
1.0,68.4,12.0,131.0,12.180501,27.406011,28.181599,29.061626,28.944553,27.021052,44.857012,64.942853,68.960716,62.744583,71.619158,0
1.0,21.95,12.0,99.0,28.874318,11.442502,10.818342,14.558987,15.073582,8.646535,58.022937,83.629933,83.339968,95.208852,53.553608,6
1.0,44.9,16.0,96.0,11.763819,10.397466,10.728184,15.935652,21.26471,9.860486,42.177595,77.38446,76.027882,91.817981,49.524325,0
1.0,19.46,13.0,100.0,4.416713,8.71594,7.31295,10.602297,10.239402,14.901704,73.289398,54.568133,36.916133,85.315807,82.577155,3
1.0,26.82,12.0,102.0,6.369691,5.895247,5.715743,4.674079,6.583678,4.940496,24.64665,56.254658,58.366871,51.351092,30.732903,1
1.0,20.4,12.0,80.0,16.442969,11.339018,9.842708,14.200818,12.75535,8.23594,71.654592,75.438151,72.815353,78.359718,58.08424,5
1.0,54.5,13.0,82.0,7.516294,14.718057,17.346284,16.980931,19.083164,19.153414,31.265134,72.882734,72.92008,83.857048,75.319936,3
1.0,26.09,19.0,102.0,7.065849,9.49318,9.508575,11.504781,12.398607,14.111765,78.00455,74.924394,79.817485,87.157713,47.177701,3
1.0,19.94,14.0,109.0,11.862963,28.952132,28.734611,39.261226,38.843492,27.504162,69.039974,70.551336,65.484921,73.421841,79.899433,1
1.0,20.76,13.0,85.0,16.728641,8.753451,8.399861,11.116632,10.711904,5.979307,39.405552,74.506059,64.823069,90.916737,31.699703,6
1.0,23.92,13.0,102.0,11.934983,6.991256,7.881864,10.117868,9.633749,7.949482,67.573178,78.528036,77.045844,92.987349,51.86516,5
1.0,20.65,12.0,109.0,5.293411,6.477509,6.568753,7.793061,7.733629,5.285679,61.492278,74.04959,66.164886,89.771742,38.308465,1
1.0,18.18,13.0,93.0,22.887304,14.806051,15.345894,18.26066,17.827197,14.293777,80.549436,82.05397,65.67902,84.071593,92.781482,6
1.0,20.1,12.0,79.0,5.859865,5.3675,5.35069,5.905276,5.361437,4.500413,45.313217,56.212519,62.646586,80.501455,30.646294,6
1.0,18.9,12.0,85.0,10.906938,16.97286,20.674706,16.24888,18.358187,13.249287,40.861258,57.296137,52.363081,78.518192,36.244292,1
1.0,24.86,10.0,79.0,16.225217,6.905842,9.394142,6.53842,6.498944,5.449588,58.237517,69.594531,68.829942,89.340443,38.03304,1
1.0,22.21,13.0,107.0,59.914232,32.619569,33.941678,42.960756,39.023649,22.925986,32.557029,60.871651,65.610233,80.194258,49.566087,1
0.0,26.43,12.0,93.0,24.312906,14.059826,15.955697,20.814448,18.450343,14.643941,64.974533,86.608886,85.311046,91.078047,56.844559,6
1.0,25.34,13.0,117.0,16.921495,8.872331,6.589508,9.281543,8.613062,6.284241,52.927349,80.256152,73.93942,95.320684,38.365514,1
0.0,23.7,16.0,95.0,14.467601,8.583833,8.928207,10.247214,9.496786,8.13793,57.869812,61.447614,62.79763,78.705618,65.268656,6
0.0,31.93,12.0,96.0,11.657911,11.040041,12.355168,18.172276,15.895879,12.5194,63.737109,82.048414,79.690413,91.266592,72.175872,6
0.0,25.86,12.0,85.0,18.202709,7.078373,7.738605,8.076264,8.292099,9.196405,43.080532,83.039488,83.559549,96.618316,90.063086,1
0.0,26.01,16.0,99.0,9.125987,5.151544,6.421861,8.75089,8.619509,4.658304,88.38616,68.3522,65.282275,93.098534,34.366066,6
1.0,24.14,12.0,88.0,10.489662,7.599024,8.54189,8.958839,7.816935,5.919961,51.003842,62.810686,62.162186,69.031842,44.195676,1
0.0,27.46,17.0,119.0,15.032667,19.52714,24.820979,25.544032,23.378826,17.428942,38.47853,84.318831,75.138994,87.322224,35.416236,6
0.0,56.72,13.0,89.0,10.609071,8.084327,8.214426,10.033774,9.079525,6.75359,73.861262,85.322116,83.930406,91.575435,71.425471,1
0.0,27.13,14.0,93.0,17.350964,9.731044,10.333986,10.665431,10.770382,11.822369,47.585871,74.466091,69.838277,90.375509,50.601806,3
1.0,23.92,15.0,94.0,7.970682,5.47303,6.901277,6.642238,7.276963,12.158054,24.606725,90.567809,97.598341,97.126814,32.994617,1
0.0,28.02,12.0,90.0,5.636202,11.682565,12.866104,12.711431,12.931298,19.349939,37.506817,68.917509,67.404949,70.695941,61.646188,3
0.0,33.36,14.0,96.0,9.296,5.553176,5.617886,6.14201,6.081318,5.050295,77.329708,74.800453,73.558542,89.004708,79.245672,5
0.0,27.95,6.0,83.0,11.781987,5.40731,6.645702,6.044088,5.75363,8.405492,25.462981,65.544571,65.687234,77.070626,43.546804,3
0.0,21.76,15.0,113.0,26.828211,27.150998,26.946957,21.42203,19.265198,17.616263,22.704116,67.596352,62.628876,74.132142,20.089689,3
1.0,61.08,6.0,80.0,16.970058,11.212627,10.682628,13.390182,12.265264,9.675618,55.651199,85.987329,92.319412,94.741731,43.714258,5
1.0,43.13,9.0,102.0,14.61973,21.230699,22.975468,36.032154,35.097965,21.214864,56.670376,65.253392,65.619549,92.601486,43.896976,5
1.0,19.71,12.0,121.0,7.492847,11.853759,11.689805,10.371133,9.614635,7.269996,61.834115,81.548766,82.612913,95.789688,72.270692,3
1.0,61.37,9.0,101.0,26.271835,9.243809,11.4128,10.867579,9.98832,8.696632,55.019891,64.239004,60.939222,77.916736,53.417469,1
0.0,59.99,9.0,83.0,19.041579,26.383338,23.45232,28.469926,26.2716,19.091239,37.331791,85.729875,82.189913,94.87595,87.647019,3
1.0,46.29,16.0,128.0,19.769085,20.828136,22.204667,31.397358,31.321462,21.29416,74.862551,72.449919,74.286564,95.285031,54.522378,1
1.0,23.02,15.0,98.0,6.626105,10.765305,10.961052,12.33314,12.760149,12.881954,75.246183,78.531735,84.429132,90.089122,82.577281,1
1.0,71.88,0.0,105.0,18.178982,8.310567,10.320506,9.982013,9.64174,6.66148,76.484531,78.593361,83.158628,90.371628,81.450942,5
0.0,22.09,12.0,86.0,14.735894,16.718994,18.972007,23.354325,21.833324,16.936114,48.568418,70.293127,62.459804,89.631751,58.680982,3
1.0,40.72,13.0,65.0,8.936528,8.513333,8.510791,12.201018,11.122454,8.227281,41.797521,68.218119,69.73313,79.717237,43.92841,1
1.0,56.62,13.0,100.0,18.344883,11.0702,11.302381,15.40361,15.248414,11.894305,62.858592,51.239424,60.9124,70.330217,78.579039,3
1.0,26.2,16.0,83.0,23.446806,16.304159,19.388968,19.370187,20.766493,14.416188,53.924183,36.468181,40.464003,40.944365,46.292312,5
1.0,29.18,14.0,114.0,12.288777,8.561994,7.981937,9.854916,9.591442,9.986055,67.345729,80.780659,78.683282,93.170135,87.560915,4
0.0,35.52,12.0,86.0,13.194595,18.279299,20.227061,18.984936,19.86108,19.27043,73.901369,86.872809,83.064392,93.929274,23.816371,6
1.0,41.56,16.0,129.0,18.238299,11.058686,10.197437,12.655649,15.464287,13.757927,40.299773,67.306153,67.086735,67.930906,46.196203,4
0.0,49.46,12.0,89.0,34.877474,12.516912,13.720289,11.664392,11.33581,18.603196,44.552833,71.341222,74.449034,69.238083,67.680182,6
0.0,25.55,13.0,112.0,12.727942,29.461173,29.980059,40.036937,37.294637,25.590314,18.942396,62.922484,67.669519,84.80041,21.48254,3
1.0,27.43,10.0,99.0,17.866031,45.013637,60.341589,57.05334,58.184364,36.23089,32.529311,69.117021,72.854973,78.857564,42.830353,3
1.0,24.96,12.0,71.0,18.41306,15.392423,16.219082,16.659791,16.605213,15.566014,40.482018,72.760283,72.383939,85.351682,71.969795,3
1.0,22.15,13.0,96.0,15.973769,11.583844,12.856427,13.880026,12.912381,14.551995,59.111678,79.394257,74.606694,96.484624,24.202302,3
1.0,21.35,13.0,80.0,8.58564,16.545574,19.287073,22.358616,26.113101,29.521878,59.24794,43.831602,49.769299,73.20212,55.56553,5
1.0,22.16,12.0,80.0,6.765718,7.726345,8.85308,11.655999,10.470842,6.600357,44.355691,65.408594,70.889699,84.84575,80.448786,3
1.0,20.17,13.0,105.0,16.340477,13.492554,13.855703,17.786656,17.463367,14.306206,70.573302,71.339178,21.740721,89.683917,54.337979,4
1.0,23.13,13.0,114.0,10.302852,8.638772,8.578242,13.648912,8.48887,11.239614,66.019388,81.538191,87.941354,92.583612,56.850866,3
1.0,20.36,15.0,111.0,33.439449,7.163066,6.895523,10.232036,8.113714,5.824349,59.509221,70.749764,50.185566,89.841959,48.108876,1
1.0,18.73,12.0,96.0,13.466017,15.795152,18.850556,19.260829,18.655932,16.26106,28.223453,68.984975,47.393066,78.071082,48.057851,3
1.0,22.01,12.0,66.0,14.874129,31.612014,32.886208,35.513745,39.956545,39.866821,20.067817,81.544139,80.361407,91.886151,40.066388,5
1.0,19.61,12.0,93.0,37.325926,14.384951,15.732738,16.726976,17.084732,14.226718,54.069009,71.004109,68.178336,89.715901,36.0882,3
1.0,51.26,9.0,92.0,52.242832,15.456851,15.757558,16.343169,22.412667,20.595103,45.849865,52.007796,51.195473,80.019204,43.739564,3
1.0,20.52,13.0,106.0,29.122983,22.034877,31.796804,47.501498,36.981973,18.284801,34.072906,55.419421,57.998605,69.632643,63.878406,3
1.0,19.88,13.0,78.0,13.255158,28.640416,40.670972,29.149968,34.913703,33.071845,15.37002,71.189002,66.893505,73.823538,63.741426,5
1.0,21.89,12.0,79.0,20.353898,25.685372,26.565413,34.802003,33.095548,26.617594,14.782957,55.610029,85.096527,84.999956,12.036359,3
1.0,25.71,13.0,114.0,19.367334,20.742867,22.822032,35.961145,31.712109,20.848095,42.624211,64.655737,77.794449,72.212985,57.364405,3
1.0,50.08,11.0,108.0,12.557207,7.941527,7.727148,6.81759,7.765886,6.576171,59.995024,73.780173,59.504218,97.391162,9.605838,5
1.0,21.7,13.0,105.0,18.195931,8.345777,9.298788,11.570783,12.220982,9.086561,19.716353,65.312391,57.176578,91.629867,49.403245,6
0.0,20.4,10.0,83.0,6.673623,4.249503,4.056988,4.976774,5.104213,4.354377,31.06566,76.13547,73.914384,92.39281,63.457081,3
0.0,32.35,13.0,80.0,20.663258,34.02533,33.691426,49.856964,42.675889,27.318786,38.492806,73.029273,68.882864,88.077579,42.895455,5
1.0,20.68,12.0,108.0,20.637289,18.469914,17.09651,21.443751,20.866536,14.850013,55.937151,68.954765,73.736012,80.964547,41.339178,1
1.0,21.25,12.0,87.0,10.209764,8.234301,8.561282,11.339575,11.242328,7.448043,33.079083,60.177048,54.548123,58.22056,40.476248,3
0.0,26.39,16.0,117.0,41.385716,20.336853,21.744811,29.267194,28.693477,24.981504,49.234776,85.336493,92.887819,93.67881,16.626473,3
1.0,36.76,16.0,125.0,11.371953,12.194063,13.228579,13.412649,15.246192,11.594206,70.308288,61.407601,42.94399,79.910866,24.389505,0
0.0,51.86,9.0,94.0,25.339784,9.789916,8.745529,11.207634,10.699881,9.59595,75.838906,73.895613,71.095793,91.120649,57.535002,3
0.0,49.31,11.0,93.0,7.618691,5.810748,9.561838,7.699405,7.346459,6.63921,47.765081,56.828537,83.382611,71.077075,47.030382,3
1.0,19.84,13.0,71.0,16.291324,9.966221,9.462975,14.57379,13.398508,9.479283,77.978271,79.634616,83.332616,92.132824,24.900262,3
0.0,57.87,15.0,99.0,11.561594,7.193988,7.804561,9.019064,9.62389,10.184732,64.938303,57.443027,81.804943,82.964218,31.847517,6
1.0,19.36,12.0,95.0,21.075574,37.342273,39.028333,46.364916,45.664694,27.314959,77.196961,65.661321,56.363778,91.206342,29.57399,3
1.0,20.27,13.0,112.0,9.575058,15.084281,17.540816,18.178183,18.530067,15.873954,65.854601,71.197123,63.745605,77.342428,73.152538,3
0.0,18.78,12.0,120.0,13.672252,11.032475,18.699492,14.728866,13.327341,9.072112,42.293434,85.950561,81.43773,94.907151,32.912461,3
1.0,20.5,12.0,95.0,21.725453,10.193735,14.532248,10.116926,9.140704,8.42315,40.64463,63.985418,62.308908,78.331963,56.20416,1
1.0,19.42,12.0,122.0,9.361655,16.540453,16.982585,24.276165,22.271341,14.723689,29.166792,83.426827,76.387346,91.941623,26.367452,1
0.0,19.95,12.0,109.0,16.067837,11.339283,12.852172,20.520867,14.318528,10.289391,19.604956,82.066381,75.966454,80.145066,30.231863,3
0.0,22.78,12.0,65.0,7.590211,7.547874,6.866724,16.089373,13.455214,6.533791,90.245298,51.339677,50.479499,64.419141,68.899732,5
1.0,20.16,12.0,100.0,7.374835,8.181525,8.611999,10.231714,9.32363,7.021922,83.181827,77.377202,81.123221,77.663519,75.886196,3
0.0,61.49,16.0,106.0,7.487448,9.598412,9.744996,11.845242,11.083808,8.916244,40.159644,64.90003,66.889611,87.87575,14.30681,6
0.0,36.47,16.0,114.0,12.748788,5.002879,5.225454,5.839472,5.470282,5.340261,33.777555,50.487524,51.148262,79.056685,57.162374,6
0.0,35.58,16.0,98.0,11.937706,17.282679,21.760224,32.931865,28.965311,17.313786,80.806364,86.998246,88.207904,90.503234,59.440742,5
0.0,51.53,12.0,93.0,7.785179,7.102742,7.510181,7.717921,7.349731,11.626521,73.791382,64.919948,78.911679,80.796713,78.745171,6
1.0,40.24,12.0,125.0,21.722913,11.2398,15.040759,11.349223,11.833737,14.959222,43.181246,65.253499,56.068859,80.276429,49.419043,1
1.0,39.55,12.0,49.0,11.328519,6.540174,6.926017,8.380615,7.896432,7.127065,33.314217,81.116522,83.417267,94.122654,36.580209,1
0.0,19.15,16.0,114.0,5.915583,7.419432,8.303593,8.102241,9.241796,7.190167,63.347497,74.566846,80.562811,88.972858,35.658669,1
1.0,18.54,12.0,107.0,10.014518,19.318436,19.912428,24.432798,26.638802,19.465743,46.335955,57.533472,49.561159,89.362401,55.916083,3
0.0,19.68,13.0,121.0,22.305487,9.715617,8.704439,7.879606,12.438689,7.587422,75.613372,84.586927,84.416975,94.288014,54.453187,3
1.0,64.44,12.0,116.0,12.547186,8.992886,10.568541,15.775518,13.413199,7.672653,28.150004,77.240259,74.36674,87.058304,34.523915,5
1.0,24.9,13.0,114.0,19.34035,10.869281,11.398309,16.534854,14.254322,11.674576,54.084249,86.505352,99.37325,94.431537,60.823586,5
1.0,24.35,13.0,105.0,10.332157,6.460413,9.067571,9.954354,8.083395,6.357636,59.939044,55.504721,60.658347,62.439974,49.43751,6
1.0,19.44,13.0,83.0,30.301409,22.131895,24.936083,25.673142,24.095148,19.303209,33.054573,84.111681,72.86371,96.410312,31.296791,3
1.0,61.01,3.0,78.0,25.793839,10.589244,9.600914,12.003315,10.49802,12.457049,52.687689,81.736798,81.407702,91.991617,12.891161,0
0.0,38.12,18.0,131.0,11.279787,37.623169,39.355842,39.871262,38.000504,32.53555,69.229869,76.058666,62.660166,90.159856,87.114226,5
0.0,35.87,16.0,110.0,11.192535,23.282673,21.365245,28.708474,26.560123,16.514731,78.921005,84.519234,84.916289,85.947864,73.910726,4
1.0,31.19,14.0,74.0,12.608283,6.92065,9.30398,10.594888,8.313974,8.024166,62.351003,66.339703,54.631804,91.59786,41.196201,5
0.0,47.29,16.0,128.0,10.502745,7.53186,8.816274,12.561062,12.347895,7.773621,45.95379,58.72386,51.230733,81.073505,57.894779,1
1.0,18.87,13.0,105.0,10.558029,11.711954,11.897664,17.598335,16.864553,10.213492,17.885267,61.65283,57.190112,85.790769,25.399555,3
0.0,41.31,14.0,102.0,6.281633,3.655093,6.428157,4.467339,5.110756,3.613179,71.844808,85.40642,85.885993,86.869484,56.884072,3
1.0,19.71,9.0,93.0,8.107775,11.348722,11.658462,6.592867,7.547769,5.388065,76.130017,62.503111,54.745701,65.11683,70.173746,1
0.0,25.98,12.0,95.0,4.56616,11.587161,12.006649,15.028332,14.521929,11.667523,27.077935,63.40213,62.163741,89.097577,31.468916,1
1.0,24.65,10.0,73.0,11.689385,16.398455,16.210094,19.087396,18.09765,15.857225,60.753217,76.604858,60.381378,97.885521,30.561271,5
0.0,24.13,9.0,84.0,10.448733,14.775241,15.202426,17.019504,16.674055,11.984824,19.607687,59.72231,61.404917,68.156074,43.091833,3
1.0,46.1,16.0,116.0,7.718686,13.382296,12.553209,12.611261,14.249499,12.027881,29.151188,84.217119,77.548591,84.725261,46.193771,6
1.0,19.53,12.0,106.0,17.677188,13.385033,18.030943,20.18437,19.126198,15.389293,77.023618,75.900791,93.433383,83.386416,7.091754,3
1.0,20.31,13.0,85.0,9.114,15.548421,16.780824,16.490815,16.173334,12.051789,71.82977,79.062083,56.918542,69.464862,77.776424,1
1.0,38.29,12.0,90.0,28.428755,11.145787,10.621813,14.87287,14.991383,10.829136,15.087963,55.697814,53.092766,82.387512,12.148838,6
0.0,41.56,16.0,126.0,18.950095,6.485881,8.898193,8.628676,7.981565,7.464615,34.81329,67.437057,71.387036,81.646916,67.066419,1
0.0,35.45,16.0,118.0,19.043098,22.186917,25.694855,30.067981,30.35138,27.3619,11.196526,63.747807,55.106406,89.095531,34.864474,6
1.0,46.89,16.0,123.0,13.476027,9.518083,13.867148,8.892715,8.804512,10.38311,53.440644,81.896247,79.493698,95.201893,40.726707,0
1.0,66.63,16.0,122.0,6.701956,4.053098,9.686057,4.82572,5.193209,4.086937,16.67086,59.929733,59.540076,81.214884,15.888703,6
0.0,48.68,9.0,104.0,7.586374,22.265183,10.420701,11.792567,12.114947,13.553941,75.620379,75.668481,58.644975,91.074,69.865882,5
0.0,69.21,12.0,123.0,7.394104,12.271072,16.071021,14.875473,13.911619,11.835348,56.242289,79.293585,76.645653,94.969676,57.086208,3
1.0,19.93,12.0,100.0,13.442731,9.229817,9.150152,5.046224,11.645246,8.048119,52.875228,74.140252,74.993367,75.551943,51.863486,5
1.0,61.01,7.0,112.0,3.532986,7.273308,8.450461,9.676884,10.636957,8.251479,27.840339,58.497244,81.323453,74.689615,18.034642,0
1.0,29.59,16.0,95.0,7.060675,8.703284,10.227873,7.526638,8.227749,10.077162,50.312588,60.784363,50.908886,93.876963,54.422134,0
1.0,35.61,16.0,119.0,5.105006,3.342851,3.573227,4.013003,4.117033,2.900533,40.862834,48.651135,47.364041,62.156092,65.017644,1
1.0,38.07,18.0,119.0,10.463047,6.796281,7.199118,8.167453,8.263541,6.205533,32.519734,75.715907,43.870794,79.015563,79.101934,3
0.0,56.12,12.0,81.0,18.785575,11.212358,11.350716,11.434527,11.429316,11.189403,78.471132,72.912313,81.812883,93.534832,62.880201,3
1.0,22.79,13.0,95.0,7.878822,4.675286,5.156612,7.076326,6.80161,4.350884,78.085273,68.565425,71.115151,83.081301,58.071953,5
0.0,19.91,16.0,82.0,9.413523,28.955774,29.7294,42.95105,40.383329,27.886653,38.806788,66.730047,65.905473,90.325528,39.014203,3
1.0,20.16,12.0,62.0,10.968833,21.852584,31.813284,22.080125,22.641788,23.855518,62.410353,75.246214,53.108065,88.562037,39.09485,3
1.0,22.21,13.0,90.0,12.900232,5.432414,5.372236,5.401634,6.972966,5.475453,82.526817,51.338354,35.552677,85.295035,65.884935,4
1.0,27.3,13.0,96.0,11.222048,11.181439,11.175178,15.074696,15.069149,13.356593,58.51767,71.325512,74.950729,93.694417,59.98924,3
1.0,54.25,14.0,102.0,10.570458,6.982257,9.606086,10.127256,12.043138,12.653214,31.798994,44.099506,48.573685,47.418553,20.910871,0
0.0,24.14,16.0,110.0,8.910855,9.74005,10.596242,11.231698,11.710376,12.345336,48.584234,56.067237,47.563039,67.917011,48.306677,6
1.0,22.66,16.0,131.0,9.680135,13.423555,15.555398,15.948462,16.494042,15.550484,55.110859,52.339389,62.544718,77.962002,92.971216,3
1.0,23.27,14.0,109.0,42.813284,19.090847,21.565272,23.227025,23.248038,21.663722,77.151874,59.887299,61.22078,63.927139,52.25271,5
1.0,25.66,16.0,121.0,6.803535,9.960401,11.357009,9.457956,9.007238,8.430073,36.329082,69.695698,67.071888,74.316548,44.181459,0
0.0,55.22,12.0,108.0,12.207564,14.487972,16.085078,14.76811,16.92615,16.885711,31.364784,69.419776,64.285714,78.110235,61.15265,6
1.0,37.14,14.0,97.0,10.071637,13.198524,15.755208,16.919451,21.743434,13.554025,41.038358,84.642371,75.19303,94.500892,44.888506,6
1.0,19.91,13.0,107.0,10.126355,6.546805,7.070787,7.292174,7.45715,4.566487,74.159344,51.989166,52.392316,84.839753,76.013752,3
0.0,59.43,9.0,101.0,17.195009,8.958681,9.790145,10.629322,10.31912,9.828818,69.790101,78.677256,80.230505,62.240423,62.245675,1
1.0,33.53,12.0,99.0,12.392778,5.59727,5.831241,6.928525,6.163024,5.342358,58.638397,69.171277,69.798124,66.697083,46.313606,1
1.0,23.19,13.0,94.0,9.10558,7.578911,8.64059,10.574123,10.283805,5.166414,17.67497,82.494332,80.396252,93.217339,62.675452,6
1.0,21.29,13.438709677419356,82.0,16.295539,12.087499,13.033371,17.555277,15.248932,10.095794,62.893863,81.90694,73.783006,83.610542,79.06841,3
1.0,27.72,14.0,114.0,14.492563,7.606543,7.609242,9.105857,8.880364,8.83436,56.356686,67.614776,89.099212,72.919334,56.705508,5
1.0,22.3,12.0,80.0,15.419431,15.159688,11.182116,10.926129,12.037791,11.285264,67.942945,68.46443,68.802659,75.77242,56.943748,3
1.0,21.06,12.0,84.0,18.362316,10.25517,10.534015,15.111334,13.877126,9.945934,53.162811,76.912582,74.966022,89.66536,73.500412,6
1.0,22.16,15.0,118.0,19.764692,19.377074,18.907805,20.064476,19.06718,16.98135,35.785672,50.271471,43.279397,71.050206,33.268673,6
0.0,51.57,6.0,104.0,17.868375,29.078393,33.122016,33.398801,34.184185,22.720711,20.89286,64.537085,60.878927,80.479782,25.420891,3
1.0,30.64,16.0,97.0,6.997059,16.212126,17.768538,16.208184,19.754259,17.814667,74.742656,77.954563,70.622693,96.688426,26.240366,3
1.0,24.15,12.0,65.0,10.90725,7.01202,8.763067,7.004539,6.961146,5.98244,48.858926,84.994056,47.919415,91.418387,50.911102,3
1.0,47.11,13.0,90.0,11.671801,12.322271,9.894655,12.758976,10.902413,6.659412,50.630216,61.223611,66.427965,79.758576,56.257883,1
1.0,22.45,12.0,92.0,16.440486,43.448083,40.868031,58.82157,56.913191,42.814667,35.863667,65.218379,68.67749,83.358682,67.114204,6
1.0,19.2,12.0,88.0,5.702414,4.876291,5.622353,6.487125,5.457764,4.497988,68.313537,75.434854,74.486544,88.134581,61.201075,3
1.0,44.15,16.0,118.0,5.854972,6.305487,6.016142,6.09191,6.322993,7.119189,89.51789,77.792278,76.119109,95.043762,56.72458,3
1.0,21.82,12.0,107.0,14.680629,13.396151,14.271855,11.751265,14.202133,9.626093,23.299865,67.381297,42.993137,90.107547,45.574873,5
1.0,29.1,14.0,107.0,6.344589,7.757878,8.060523,9.798313,9.4868,6.901878,59.390738,74.927149,62.774281,91.431139,57.262903,3
0.0,55.77,9.0,64.0,62.57747,12.241765,13.121787,14.472106,14.374266,12.176852,62.261838,61.98928,60.644369,86.139725,86.98657,5
1.0,20.8,9.0,119.0,8.455707,11.907061,10.423815,10.770222,12.058181,11.84955,27.953088,54.89954,61.865318,79.525467,48.726218,1
1.0,37.54,16.0,111.0,9.873927,6.007718,5.975223,6.670023,6.684219,4.340911,68.613544,51.702883,88.488639,61.674627,63.337202,0
0.0,20.76,13.0,102.0,3.857943,21.782068,21.43375,20.102206,20.09314,19.593737,13.110571,49.052381,46.129285,61.721484,10.560242,3
0.0,39.81,13.0,119.0,11.430663,9.842005,9.463174,12.934811,12.779388,6.478527,29.011656,67.617717,73.858046,85.444883,47.27078,3
1.0,22.74,14.0,97.0,10.77037,9.753595,8.86798,10.637669,10.254188,10.155914,36.520461,71.394146,66.576595,91.54856,30.279367,3
0.0,55.06,6.0,110.0,5.501538,4.039472,3.994644,5.032328,4.460622,3.692851,58.662124,60.928837,61.286026,76.053351,54.082049,5
1.0,61.03,12.0,105.0,11.869219,7.551704,8.364125,12.115296,12.05208,11.599068,17.537879,67.514475,67.748906,74.030626,47.146523,6
0.0,41.03,12.0,94.0,12.296576,10.452984,10.628918,10.705171,10.707029,10.486581,55.740517,81.506865,87.428509,87.597669,37.544352,0
0.0,41.52,14.0,112.0,12.117602,13.355967,13.378635,17.126492,17.13637,15.046992,99.949146,99.604688,99.93321,99.680495,69.953756,3
0.0,45.24,18.0,111.0,11.846579,17.320669,18.925018,17.707767,19.943368,19.901928,44.468635,53.148695,53.214389,84.222825,50.628426,3
0.0,67.73,6.0,83.0,11.510333,7.351264,7.413889,6.958837,6.968476,6.853609,65.825618,61.886916,65.991725,80.990709,69.501355,6
0.0,23.01,13.0,72.0,5.873417,14.020837,15.772242,14.128234,14.170244,13.889967,55.22128,71.51739,41.47811,88.465294,55.1674,1
1.0,19.25,12.0,85.0,20.906531,7.502825,7.968838,9.200477,9.221431,8.204027,64.361834,83.820524,99.788164,97.016465,72.13267,5
1.0,18.96,13.0,99.0,6.335981,33.484023,20.704891,21.060427,22.11283,36.938755,99.920739,75.895807,76.082372,88.107294,49.811498,3
0.0,27.55,12.0,82.0,7.339118,8.964397,10.24842,9.236441,10.384998,12.99316,48.292525,39.818868,31.217727,54.039261,40.050799,5
1.0,24.85,17.0,126.0,24.259378,14.920226,16.583581,15.886798,15.897385,14.576842,31.213454,61.068069,52.538853,88.191903,44.349905,1
0.0,54.52,6.0,68.0,14.555989,6.555174,6.697596,9.916369,7.791606,7.782494,62.692476,81.41458,95.05263,95.434042,78.274033,0
0.0,20.23,16.0,102.0,15.379156,24.609251,25.010682,30.11559,28.970034,19.067512,37.60698,49.384608,31.326229,58.808883,68.260942,5
1.0,18.94,12.0,119.0,18.928937,14.79263,15.333597,17.801935,16.123494,13.652502,72.111083,67.458965,69.419837,93.927689,37.871073,3
1.0,46.15,18.0,115.0,12.97642,17.363149,22.797744,19.606941,22.92951,22.144795,66.855117,81.818468,70.116559,91.370141,55.707913,5
1.0,25.91,16.0,107.0,14.326469,11.987858,9.380247,13.352714,13.372703,10.303818,64.892844,83.566138,81.730813,89.077498,69.641167,3
1.0,39.93,18.0,123.0,7.359404,7.749868,8.026299,8.116701,8.100806,7.94016,31.619399,72.321332,71.37376,91.847624,64.079579,4
1.0,27.05,10.0,60.0,6.892567,23.970084,14.449812,14.734042,14.741993,16.021363,99.894912,82.564821,81.099495,88.704668,77.123548,3
1.0,23.44,13.0,100.0,8.761616,10.493382,11.225874,11.984655,12.071977,13.254495,49.560789,81.039864,74.019319,92.115564,14.234094,3
1.0,23.82,16.0,105.0,14.227577,6.586218,6.54593,10.695671,9.910052,7.175403,57.458227,65.041267,66.030795,81.657499,40.509013,3
1.0,38.72,16.0,117.0,9.962491,25.955961,25.999664,29.372445,29.313023,29.267342,27.576024,99.909636,77.804594,99.924294,40.074938,1
1.0,58.8,6.0,79.0,13.269795,7.470875,8.294311,11.081169,10.775831,7.573996,99.082522,55.252319,60.010768,73.902496,99.303928,6
1.0,30.22,13.0,81.0,11.766609,12.186789,12.455898,14.356652,14.368286,11.126929,73.450321,65.685464,71.636624,79.980588,65.792882,5
1.0,27.13,14.0,105.0,15.211323,11.33901,13.049737,14.191871,14.183249,13.991193,47.597213,40.868051,39.15538,52.994439,32.630982,5
0.0,31.84,12.0,63.0,2.278676,11.969122,10.864515,13.084854,13.040881,10.57565,18.937486,39.235902,37.041988,83.767145,3.67968,6
0.0,30.67,12.0,97.0,2.800163,11.672563,12.779575,12.345653,12.330791,10.040227,30.490274,51.139266,48.812453,75.758069,68.503626,3
1.0,24.83,17.0,127.0,6.664729,7.227759,7.875496,8.400605,9.001035,6.962827,76.003314,81.942874,77.191787,94.203641,59.384891,3
0.0,39.37,12.0,101.0,5.504151,9.60792,9.103122,11.958385,14.835832,9.461766,70.435833,92.459585,92.442536,93.779226,74.196301,3
1.0,19.29,13.0,109.0,5.276016,3.661763,3.476263,4.145105,3.735741,5.803943,71.690728,92.563272,89.74306,95.904086,54.511636,3
0.0,49.01,10.0,106.0,8.563321,6.969705,6.48103,8.109617,6.708397,5.483978,72.172276,93.599567,93.274095,93.751929,60.000448,0
0.0,25.01,12.0,111.0,26.654719,7.259997,10.040509,7.812773,9.535377,7.05514,45.748646,65.937735,78.549041,92.011426,49.289335,4
1.0,69.54,12.0,106.0,6.602504,6.402802,6.698953,9.772908,6.831409,7.537123,74.605772,74.514814,70.179044,92.695554,68.4945,3
0.0,44.65,12.0,92.0,7.578244,3.159655,3.363073,5.203952,4.607946,2.687025,33.83229,72.06056,72.469233,76.421557,45.30681,3
1.0,70.05,5.0,91.0,3.613425,8.393643,7.361111,10.580062,10.351658,7.467042,99.677127,68.962194,68.787887,89.576481,75.563733,4
1.0,31.85,16.0,98.0,5.295277,5.748936,5.811932,6.292728,5.944685,5.826374,99.928058,99.674023,99.930459,99.732883,75.753711,3
0.0,53.67,16.0,99.0,12.907463,12.577767,12.758364,14.70861,13.003177,12.99662,99.92578,77.570945,77.738646,90.692333,55.099597,3
1.0,29.56,16.0,96.0,6.143432,10.142088,10.661201,10.57597,13.642004,10.464246,81.059963,99.727017,88.48789,99.887297,99.960068,3
1.0,19.35,12.0,81.0,8.462857,8.437552,9.96772,8.451192,8.274415,7.52733,74.45328,99.596689,88.047162,99.906146,71.077254,1
0.0,46.8,16.0,117.0,13.193604,14.439276,15.56456,21.202736,15.317989,11.173052,55.223292,81.756549,85.074606,83.908684,39.242295,3
0.0,24.13,10.0,66.0,3.250291,7.99663,8.091896,8.579304,8.145821,6.885233,99.905479,93.21772,99.702262,95.964713,99.965979,5
1.0,26.14,16.0,104.0,7.483014,6.713141,6.137869,6.385159,8.543735,6.237772,16.421781,66.319687,69.684048,86.385777,36.32206,0
1.0,22.05,16.0,98.0,3.214513,6.036168,5.998268,6.064057,6.565696,5.661225,75.954972,57.990267,75.146606,71.498991,70.772009,1
1.0,29.97,12.0,75.0,7.682086,7.634062,7.600601,8.388907,8.434012,6.508554,39.799663,81.418365,81.940945,91.396361,45.367666,0
1.0,20.06,14.0,80.0,31.460923,8.546031,8.485544,10.530529,9.756505,15.297017,49.695141,68.901981,66.196509,96.899183,58.404969,5
1.0,22.33,13.0,76.0,41.552763,18.04398,18.509815,27.581183,24.77925,16.330665,26.986515,73.083636,76.745019,88.459414,39.3214,0
1.0,21.26,12.0,82.0,32.098111,16.641738,18.057075,22.478216,22.036231,17.012502,51.281066,57.646594,31.017607,76.331821,92.994161,1
0.0,31.34,12.0,60.0,6.590188,16.50617,12.542355,13.168475,13.03908,8.027873,74.79957,98.951655,77.34291,99.632426,13.826566,5
0.0,19.66,14.0,80.0,34.898026,9.668946,9.19104,9.138547,9.115663,6.562835,65.839466,78.794781,86.671913,95.416798,52.203922,3
0.0,53.33,12.0,107.0,11.773794,5.335305,6.175763,5.158977,5.367906,6.10912,76.884098,63.390878,94.124844,88.169644,79.861378,6
1.0,28.72,16.0,99.0,33.017184,12.063384,11.605134,12.579688,18.37246,11.85917,89.013301,64.458706,92.038824,78.24975,56.463676,5
1.0,30.4,14.0,102.0,22.728442,9.541072,9.328755,21.675937,14.374378,7.899168,69.158695,67.416544,66.278247,80.814468,34.32306,3
1.0,27.19,13.0,84.0,2.92725,5.289322,5.663371,7.43249,9.749857,4.530094,61.697026,82.771478,83.62958,93.174791,70.000756,5
1.0,52.98,12.0,120.0,5.923544,7.986921,8.288634,10.589805,10.276691,7.881568,98.35832,80.851238,67.223081,93.833526,77.144631,6
1.0,25.0,13.0,141.0,5.819819,2.733751,2.74632,3.541816,3.39874,2.466927,79.480868,58.825498,74.243625,84.188659,51.29931,2
1.0,29.0,16.0,118.0,7.574012,6.26717,6.176901,8.891895,7.649643,4.77039,18.623439,77.025703,71.393765,93.153273,6.729497,2
1.0,24.0,13.438709677419356,114.0,3.33324,4.996458,4.772193,5.572051,5.686966,4.269343,54.296428,81.445025,76.299863,91.324248,39.916584,2
1.0,22.0,13.0,113.0,4.95668,4.762917,5.043292,7.077207,6.715081,5.115561,71.031588,92.340076,81.638322,95.901306,43.75718,2
1.0,24.0,13.0,118.0,17.061335,8.480615,9.692147,11.102012,11.451662,12.876133,47.263309,69.158814,66.800125,92.138484,57.418621,2
1.0,31.0,16.0,122.0,6.49445,5.716851,6.108331,7.735879,7.590037,5.516742,85.187759,97.662886,92.861559,97.928653,41.150028,2
1.0,29.0,16.0,124.0,5.045041,10.625248,11.056165,15.0537,13.75698,8.887281,33.415554,99.162092,59.605186,99.816632,29.204386,2
1.0,27.0,16.0,112.0,5.502331,6.18054,6.277402,7.835716,6.394529,5.828343,99.491747,85.986958,86.507361,92.623156,52.798808,2
1.0,28.0,13.0,107.0,9.584069,17.792196,19.98288,22.171435,24.113532,23.408381,82.771481,84.225544,59.989079,91.741148,23.375209,2
1.0,18.0,13.0,113.0,10.506078,3.973374,3.942653,5.625867,4.956312,2.508571,98.354468,92.537046,80.489828,98.128515,77.199577,2
1.0,33.0,16.0,137.0,9.224157,11.051023,11.712034,13.76857,12.774592,10.265291,45.92528,94.788301,97.008517,98.572103,22.452717,2
1.0,33.0,16.0,137.0,4.930102,7.894321,8.68495,10.908272,10.869924,7.708008,54.93488,93.285026,93.055328,98.294273,55.724769,2
1.0,21.0,13.0,120.0,5.560875,13.75703,13.685879,16.389297,14.011621,18.986023,44.827612,98.46469,93.774168,99.660554,39.344894,2
1.0,24.0,13.0,131.0,3.106067,8.565722,9.184825,12.077661,9.725088,7.24004,25.353043,99.241149,83.653013,99.655445,52.134781,2
1.0,22.0,13.0,123.0,6.038141,9.837192,10.591583,11.179164,13.251591,8.7016,71.74378,46.334469,52.199063,92.311801,76.582205,2
1.0,22.0,13.0,116.0,6.185263,13.061156,14.910272,19.910324,19.05288,11.827112,67.875253,53.3924,59.2787,90.394351,71.892909,2
1.0,23.0,13.0,131.0,6.229513,18.303814,21.538493,28.360811,24.674392,12.803405,57.367352,76.877741,96.491938,96.359956,50.910419,2
1.0,27.0,16.0,122.0,11.577237,12.577116,13.036274,16.497101,17.615706,12.108866,59.763621,97.626183,97.768928,98.748203,18.65177,2
1.0,23.0,13.0,123.0,15.407227,10.556589,11.755409,17.45343,16.240873,13.519985,21.669827,71.756765,91.506415,69.827466,38.769002,2
1.0,26.0,16.0,127.0,5.384637,6.07278,6.803691,7.212484,7.118187,7.073969,93.308168,78.164625,77.406918,73.811209,75.958471,2
1.0,29.0,18.0,130.0,9.121833,7.779243,7.998341,11.095645,9.438097,7.175974,84.550065,78.403665,79.12711,82.676381,76.776049,2
1.0,22.0,13.0,116.0,13.875269,8.653615,12.673197,10.346244,12.255401,9.546504,91.765009,91.44806,92.00324,95.807904,56.309732,2
1.0,22.0,13.0,116.0,17.794791,9.969296,5.815453,7.739041,7.630037,7.630762,99.910846,59.982346,72.661213,86.383312,44.832536,2
1.0,26.0,13.0,118.0,15.223781,8.358988,8.504071,8.415449,8.8787,7.990898,96.857465,88.799931,99.783576,91.471283,79.992888,2
1.0,26.0,16.0,113.0,7.656321,16.310102,16.320458,22.626112,21.678269,8.191237,77.466098,99.778509,99.186917,99.974232,83.770659,2
1.0,24.0,13.0,107.0,8.538615,11.177623,11.777143,12.226294,11.935914,11.122609,9.932378,73.317269,73.484491,91.893778,76.736131,2
1.0,21.0,13.0,105.0,26.78673,11.256001,8.588518,9.536677,9.667702,10.538512,58.406756,72.045069,76.014084,88.685631,47.558976,2
1.0,36.929760147199865,12.258779981600018,119.20148062559943,6.020565247118743,8.538034726504824,8.990994173666977,9.899732206967473,9.184969733647351,6.395869604274337,60.910017836355955,87.1380772929148,76.93433284576045,87.44371865614056,85.67985599634154,0
1.0,24.699821725168142,14.012433146938054,119.63765599047787,9.112970394420154,6.894642651807504,8.216245661108015,9.036279311926421,8.83061092571523,6.950844740240561,66.85060121120624,75.48139917288131,74.56530662503152,81.71108761315523,51.83742524061337,0
1.0,33.09427774518853,16.0,120.01262278256942,9.442686494403482,13.212847636069739,13.908762804001476,14.441237572834904,15.763118063032875,12.032187180769242,65.63046668827876,63.6938860983066,48.15378616208557,81.55491001333104,26.32472861597166,0
0.0,20.04013604235562,13.0,96.72074823295591,8.31380328215322,6.811092508365127,6.9180301140229465,7.769673736242001,7.512948385157391,6.1560638053718675,56.55155595365831,73.96460074410076,72.26886829542256,83.43799325268965,35.34984478712057,0
1.0,20.54671027934328,12.65215230778354,105.06579441313441,14.85697853718364,12.12171324776326,12.60385923625837,14.464305945600646,12.825347703740077,10.853049632560708,52.775422776871345,75.7451081027506,69.87087541808334,81.09897251604009,52.852043182244316,0
1.0,23.0,12.815145544474474,113.78174653369368,9.419999948533999,15.331216584146942,16.083066923175906,18.556438210346453,17.956493661209173,15.077517875444938,70.25693181765487,89.44287488546813,89.38490287242657,91.42599615377853,87.4329227029562,0
0.0,20.121661488941765,12.969584627764558,122.57047750493425,7.397444845338471,21.058777529836785,22.619349592871593,22.330773074269228,23.913789953083175,19.502942198148908,61.502217130828576,72.19322313105467,70.7762595823037,92.21672352960535,60.99715502510463,0
1.0,28.248671766388853,16.775132823361115,108.89946870655554,11.778716673921604,8.052420221606509,8.432996386053825,11.453976782391212,10.866746883715699,9.833789675543981,40.36959437219343,63.890444337615044,72.76867722509176,88.2474201385607,49.46837835312444,0
1.0,20.121002116871622,12.0,93.5445095259223,9.228468076592126,9.55595351185493,8.441557892728666,11.87089130952036,10.836592391272298,5.444937848872331,63.43143566485306,82.05565320150338,81.44617579260408,92.72276869302513,66.95911075543476,0
0.0,20.94655384615116,13.0,123.7896547008553,7.965079991181579,22.124651992008612,23.753000383239332,23.146884602423043,25.257637872172158,20.15311557144216,61.827276253215594,73.40953940209728,71.42930746187601,92.03675238319492,61.8970613166074,0
1.0,30.174799745733022,15.989499894055426,124.39159991524434,12.827511604735665,7.196588223412134,6.4601873986764415,7.1582654534790375,7.608000802702788,5.420354089296175,25.49792248350594,73.39903936298376,60.757720336169804,93.05879492204507,55.92109175846993,0
1.0,22.01563494469948,12.312503059907533,122.67186199539299,13.140913331821839,6.151742247247939,6.224707505282486,7.420279589451543,7.22415693673233,6.362005975610538,40.938126022212096,83.20613917703693,74.56782869074202,97.2827778116353,63.31823636223939,0
1.0,34.495627465117366,15.646029991792322,121.58411996716929,5.199292326917467,10.115336950399035,10.795293266589159,12.107521122998278,12.27379061941308,10.577685005311299,32.018922553166135,76.7105008117812,75.05964894225009,91.58149715155062,32.11552861982471,0
1.0,18.39196572483829,12.0,118.68837702677881,10.136784551002098,10.05674830976278,13.8422665232259,12.367264525827807,13.486148889822505,12.131624195185452,71.36059490876136,62.920183598790956,64.22924666988796,71.3829452513032,44.00627229396123,0
1.0,29.909545422178923,13.554549894822475,87.40204595622669,6.769039782297759,6.196382474956006,6.222176113598682,7.364163910500785,7.056682926101798,3.944124415872797,66.21813218676493,73.39749686571605,74.7057752810533,92.51106497347294,44.920538849696996,0
1.0,32.33977944585062,7.072027023130621,100.12004503855104,6.485618862311369,9.895965028595084,9.091869334543173,12.320308705879384,11.098026348782756,8.33605465591477,53.15491533874626,77.1290771910705,75.73838806962445,92.3977524997394,76.79439668819435,0
1.0,38.99626920171825,10.947195234036734,103.67555383304176,15.530387254477276,15.774130495649965,15.489009899901836,17.309202433669856,15.86213164256796,19.08137490035113,57.86141396560512,75.57403174974209,79.1524139250587,94.55742705696623,32.894364498771864,0
1.0,39.05072647205215,15.304996350875893,117.57301936452208,11.035488844114656,8.596340187457571,11.794649490427641,10.228864224659779,9.246044903474754,8.89508617955831,55.09526093040508,79.83450313795296,80.52078366230866,89.92680215584977,48.706956661217596,0
1.0,26.65747501830386,13.82873750915193,93.28156227120176,19.123722499808373,9.18134458895129,9.894718937272089,12.189133230802344,13.558009146957865,13.127295418571046,60.51045869691196,74.55196118686841,62.874930816689734,87.25314232688845,29.309154361020248,0
1.0,29.00545342628975,13.0,115.93519344620898,17.110965770777767,10.265186122247549,11.366148875520668,12.106882090661387,11.548488757948808,7.973799208796901,72.26514147136037,84.75762930348911,81.28797114045696,91.20847894878385,79.70530425354171,0
1.0,23.595327451563097,12.71906549031262,108.100375296565,11.407758623726021,7.161965843661099,6.617822443620996,9.21805939640561,7.902725634211667,5.357260711212461,58.41094057168327,87.92235930094644,79.59626585543269,94.90932920974818,68.66614149577033,0
0.0,22.170784332632994,13.542696083158248,101.79887258210773,4.747297532201026,8.090214837545751,7.9679669050034025,8.138049097888581,8.301239161924837,7.738795888725017,71.33761449809339,89.39715416821166,85.04623049299184,92.46112062826899,66.47214685282444,0
0.0,32.29298071027417,15.639052146354963,94.20919638103345,11.381046183654773,12.388237828903385,13.112587201514822,15.473767795826827,15.004102792828911,9.988067863928581,8.756659838103644,42.83638397720628,39.868974959966295,85.62454300184841,12.9661612472703,0
1.0,23.40659094226212,12.19780301924596,88.08795398154398,3.436128944952456,12.57822130035617,11.676950418619317,13.118106012032563,11.787350226326176,9.791514039396676,35.43817932269739,64.04006395348208,65.41001988981711,84.40840475398966,60.1682911697565,0
0.0,20.776348068960687,13.0,77.95118411502786,8.200801669279839,3.9200540020728902,3.9939440858027657,4.07707074835515,6.6582180000828854,4.692767571978413,95.48945688965088,97.00957005715715,94.53591435442881,97.49337465192453,98.1578184312269,0
1.0,47.00122658539016,13.986886936600516,109.93443468300259,6.007917802520034,9.211729211195774,9.514736788407795,10.151480091718536,10.497284182315116,8.908198845529233,40.53292950524016,75.25971438835708,70.29410198415555,87.82934053657401,58.203966129767444,0
1.0,30.09260695852674,13.227755230703343,107.68326569211003,4.250792962679608,7.31922013238676,7.300158333931655,9.686332536979481,9.67637401409092,6.71850311167706,49.33008633557546,76.06817343077282,73.65227690196267,89.91065304361688,59.779769583741,0
1.0,21.37816658608093,13.550246866409504,105.98073522301259,4.519249234531443,6.733456681237665,6.728663540864379,13.76135781218562,10.61398679192582,4.9515136031174345,63.349513928419405,75.50727115331277,82.3028377824483,76.72879028624274,66.06311781080119,0
1.0,33.972389414381986,15.988955765752795,106.98895576575279,14.467108699497317,6.857386905780324,7.180763463451463,9.780133736670638,9.961584495807042,6.0503055585763486,28.560983683501522,32.82866517577991,64.60818213459557,55.86924943862226,36.05548039903007,0
0.0,31.416459998367678,12.184538571545167,84.47630857236133,5.865709357602782,13.53403315461635,14.27549086579768,14.797908023798907,12.977319805415814,11.286568240828483,71.88905444274309,74.99934326896533,70.35927375820461,92.89250602901002,63.21398101027217,0
1.0,33.312642363647974,16.0,120.30971750156188,9.557611607414492,13.152159317947515,13.868244710562147,14.379965240768819,15.732325123830304,12.006096935305184,65.90912136938962,63.5576936269523,47.84344209559441,81.45697541306764,26.209448641887235,0
0.0,22.374043008245923,12.0,89.46567027011459,6.001408352173577,7.023025830698018,8.197823552147192,8.182386469401369,8.287018971903827,7.413488009399633,69.94297388083375,55.05505117535698,60.0932940781477,75.00059575239777,42.85260942710991,0
1.0,25.170162773487565,12.0,104.54254069337189,5.894811907409393,6.1263696619829595,6.618631463501656,7.132086652282698,7.222279439949425,5.203205224018616,21.43324660880773,73.61253185957173,71.02248754233025,66.7962904219887,30.58425909392523,0
1.0,35.03741952745683,15.77786604479773,111.70382139306363,18.466364940619474,9.964219001680185,10.717871185020854,13.420923480499852,13.786812621101078,10.041255221940588,21.836581194368033,79.69414250531045,76.8519518096845,93.15159219670547,60.820953752631965,0
1.0,20.64153427145573,12.358465728544273,92.86772582835418,9.62688921267746,6.60463836277054,6.496800205850507,6.684757691863086,7.2964018242221,6.116141783846277,70.67777863764144,87.33156652050877,84.68434428392476,89.85787519314869,47.63285739281261,0
1.0,50.15584230507103,10.23173811905026,115.04282153572616,10.217156379271287,21.902825073951288,16.383506435536432,16.811553846413837,18.308565057719683,15.53734258854229,73.19354752062873,76.72297545147985,74.73589580024837,86.587446330363,61.5983222198355,0
1.0,27.724241825075687,13.41068972237322,111.53586166576068,12.240079470398152,6.832052206671715,6.6375527837510475,9.264887021748176,8.817083315124318,6.047801706192617,54.4534494303682,88.41545690681413,78.47980778981304,95.07427343824752,66.35847201758331,0
1.0,29.728046869881844,13.869894380482673,84.98638501462047,6.7700305560864855,8.426662722341465,8.287104305244496,11.48327580824084,12.35351065808895,6.861883167721453,84.44790875699928,81.13642564236451,75.22945115889678,89.56542013900547,44.5234357335434,0
0.0,26.985388149115895,14.661796049705298,101.37473357750497,11.84256349025208,11.706134861705564,10.800015739579894,12.470986109762126,12.34188322761637,9.278087007885517,88.24369890177678,87.71376720934114,93.34732997246107,97.40042464604772,61.94633811735047,0
1.0,31.237299796567715,12.063558350286023,94.39828370629252,18.63950169168588,7.077936402106862,7.772930375718269,9.375504050625224,7.461446607735393,6.385020231335135,76.94829891109376,82.89210950597705,83.68094447677753,95.53437178908025,38.69819636688157,0
0.0,23.664734825734932,12.0,95.80227374983893,10.851890211854549,15.085196128326224,14.990987559181239,17.936350936172452,14.289020090651745,11.639185539446615,59.80059056237856,74.39333423622679,75.05769296671379,93.19766428904292,45.171898472877615,0
1.0,21.650366644053495,13.0,103.95109993216049,3.8972608346453885,5.137794276793539,5.136537144950378,6.091346067157661,5.819594653821113,4.3159420753327495,46.29188881754585,70.17484336624614,65.31356866313946,86.02008934273661,53.528903133612175,0
1.0,21.16315057329549,12.540787643323872,98.1787901727616,15.489870685661614,13.79948723785073,13.572002140886786,17.328045515680795,14.602252248087865,12.16186304318378,56.75903395733081,73.60527828339893,72.96149340515561,91.50710337482963,33.712643204311334,0
0.0,19.812212643223933,13.449770114579147,113.21405172659075,8.118514321858353,10.290049107686068,13.24730407959674,12.115809456131247,12.875967769285458,10.838699252925604,71.55534239253323,61.07321069195964,65.20311436576344,74.88852495229636,53.59910517730205,0
1.0,49.0856450385822,13.097701940610612,107.96982936637387,6.269227566109879,10.365329746655112,10.745520297534815,11.087322652604968,11.54713314015341,10.069906179733648,44.43786014017672,73.11331902467923,72.56598750575827,86.17972058531622,61.84486198029087,0
1.0,29.75006567354246,14.944429850323898,103.7221492516195,8.47982119685363,10.523580633104395,10.511711601144233,11.362745869119095,11.664986281079592,10.979175042439442,51.9676354083377,77.32962936670776,72.02958735933855,89.34357068839827,29.410555445184606,0
0.0,29.59797122969151,12.880405754061698,59.229044640334145,6.324271970427754,9.83211371092262,10.032203652844492,12.66059187837849,13.165851102130864,10.169940738347613,58.49456857611223,82.9515851546489,82.8417261892434,95.04983640655504,63.39927627488758,0
1.0,27.16159382998609,12.713244787222996,118.51521851004173,8.651476511068278,8.836809089485076,8.437172989464983,10.838713994151863,9.714054660589994,7.2650912225322,72.03520291183199,74.42786517248437,74.97625633178046,83.96784635349039,54.303191810371246,0
1.0,34.37491544792242,14.607850486168974,108.95685980553242,8.093021267577633,7.4035544003232125,7.866671832158776,10.479678838216474,10.043243391199567,9.296243044499176,41.570812576876584,58.692748259438424,73.46625673571694,83.74886533522864,39.42900396815658,0
1.0,23.367663185416976,13.0,106.30616112588824,14.719040942718554,9.918648186298551,10.205439848864124,16.1189071939107,17.81287890450026,10.527562596800427,31.827790359484606,82.5188393899564,85.94239045553412,89.58573028405267,60.33101111454108,0
0.0,28.93870461959105,15.312901539863683,91.25160615945472,7.488500396925781,9.912836301266964,9.61795493685641,11.146100642789378,9.771857721380016,7.591691644302897,37.15569265042393,51.32180386599689,47.30263747947276,73.47648822485519,60.644254405727736,0
1.0,33.6702962229993,12.543430825449265,100.0,6.871062769477888,10.517464907614745,9.289935264977032,13.097089186391932,11.308159496498646,7.896690411877298,53.41392386666345,76.45607396502422,79.14656790431626,94.76093426936622,77.5319061899312,0
0.0,29.704595464437947,13.909068682472023,103.52248833657426,11.147388973011084,15.327505294856383,15.95801956602688,17.409067570401064,15.083613543474803,11.650006665295269,45.39228178372345,79.95642749141501,76.98478661213345,94.75632914091571,49.235459926049025,0
1.0,28.014425742980304,13.0,114.73180268790466,16.550565382586043,10.191045783929953,11.282486814009525,11.980851825996474,11.412926435087368,7.9054583644820315,72.1323700948182,83.76021161525307,80.27383835458808,91.18555187726895,76.87999475722549,0
0.0,20.0,12.025419126744096,79.99134594301971,22.93173987499149,15.095685973781215,16.95819269989486,21.56909439288311,21.449299738326932,20.856838776364196,40.546004827863,71.26151587788087,66.12325665980019,82.92780792189585,16.877196407822847,0
1.0,34.8670221122815,16.0,122.1078914269933,10.367796222827662,9.971799805533431,10.76333302249939,10.964029082580941,11.054889931666356,11.36675090863316,16.657652547628537,76.50709271184105,79.2731036488118,82.49996088313554,54.90262305770033,0
1.0,18.094287557060202,12.0,75.57145928433671,6.721211073986747,6.12775452993238,6.656893108386308,8.279412404614744,6.319174747872863,5.720021567493355,41.28728827844049,66.57238092578174,55.47177825035032,92.30665147322964,50.06681159451885,0
1.0,29.635895887362196,16.636410411263782,109.45435835494487,13.16791731182251,8.427446274697981,8.895607469748779,11.899306660321553,11.489938869982165,9.962747971943433,36.9651772767045,67.05902278963518,73.86243838366798,89.26534286422259,51.51176863899737,0
0.0,40.06013654155045,14.742576075694693,90.34405167829755,7.93618772896099,11.207753627635437,10.603204275331372,14.435756630495641,12.678644210728706,8.406159869054138,41.267060922093385,70.42586315480055,69.48250977840128,91.83880404783133,17.431313297949895,0
1.0,21.47428792650589,13.223114883865806,106.66284313212935,22.69669043411981,14.0802914195225,15.788596540958263,16.62025620206514,16.094176711659436,14.980244338493867,37.59073141672496,69.33398236803735,69.98703045986811,73.5239561167754,40.7036888557055,0
0.0,21.72269942177828,13.0,130.025358378822,7.421115424178412,7.419185705492179,7.650489140894174,8.782080939811749,8.16227993193659,6.988452153599253,67.36929377159983,71.16009565921509,73.45819846452353,82.23890198782587,55.6406739038419,0
1.0,18.9971689165955,13.080050534837426,102.75070777085112,6.224290990181837,7.372735219958887,7.607615049214387,13.581649158645908,11.387600551255819,6.225009927240491,60.02392874099199,75.74287741428404,82.77428365292724,78.2772307143194,66.32672244621915,0
1.0,23.53770246178622,13.0,102.64153169214252,8.207339469141388,7.572855079134012,9.044730210167433,9.597046081329815,9.051097825664755,7.02381781692973,68.17499914858297,81.9207387358333,77.59014613031273,95.2657009793815,42.029039549949246,0
0.0,21.91118178331122,13.733346584370853,125.28885796980134,6.638888709039997,5.501586569793177,6.053372272921814,7.511863994789472,7.300483387347957,4.902388582678787,90.48980360275176,98.11592465648287,94.27470849314021,98.26941187118946,86.42611706055473,0
1.0,29.483220179592152,15.08480733803351,109.11043118664242,10.586553756581496,12.916844042193281,10.212929656777238,11.735269652434313,7.386685941548391,6.933531838372185,65.13136340902992,78.36255865206141,76.28098457771605,84.98090598746515,66.22521324966401,0
1.0,21.692080360684827,12.692080360684828,83.61657810640466,9.212698869894473,10.257437143837029,9.6761796095922,10.373576351878631,9.307385709321045,7.081939600914332,20.61842333992896,66.78983949362897,56.14691001511506,83.48980896701434,12.413376663637438,0
1.0,24.763902039713543,16.0,100.85154939906812,15.678878882074498,15.092406207279407,13.88716406777118,15.906316733600272,15.834899974714649,12.250323664318602,48.57421724636296,62.26109460480823,58.67120895300122,74.55761048134063,41.33156431887359,0
1.0,20.32244257450801,13.0,118.64488514901602,5.838531836396052,9.324046048853296,9.871184013707266,11.343793310311861,10.884099308640348,9.767656929673137,68.37849961978367,80.38590392180092,77.44816093329052,89.75871970329358,58.688624807482974,0
1.0,26.054535214861403,12.929697652342574,105.10183661324947,4.404670700384587,7.199185396538685,6.9741948440515475,10.094719701107588,9.807503699429105,6.264437463882448,54.1037415426662,76.71328236962182,74.8907680569007,90.17730131298687,59.08963320637126,0
1.0,23.365568542440126,13.57563886130675,114.23248151825767,7.02430220900553,4.299057361782661,5.534976795861656,6.546671505263287,6.162568405666994,4.014237225885259,70.1352427559236,77.36815349670869,81.08411318794333,89.70980586798612,63.34504804076519,0
1.0,37.696523021614766,13.633403756510424,113.66596243489576,6.29960308190422,9.921755741304352,9.548267948136642,12.22999378278817,12.583979390225203,9.842337247676834,46.05693060057541,71.12908432911141,67.5478092198232,84.55652896334658,51.865737367206115,0
1.0,52.13291931205215,16.257078819624564,117.68629062337892,6.074058320501031,8.12832634907737,8.974039181578753,10.581655075912868,10.691279751189274,8.145851604970531,47.013799518789696,80.34058005951155,80.58077669722374,95.650092981865,57.153831010416205,0
1.0,22.981639615504427,12.803672076899115,128.30649023007433,6.741439582909459,6.9688665039027615,7.2157948798064995,8.190213954290861,7.692316939189778,6.420323286602236,59.56324763684038,72.97166003687563,73.0968753329517,81.48037542613393,53.20997498389726,0
1.0,25.880579646683785,13.0,119.8954587045072,6.085092183082997,11.06854410501754,12.081085597474765,13.944287643427423,13.904086526123685,9.898509993541934,47.81144694821766,67.31739781933898,66.26281243768706,87.09391233635777,27.194367809744815,0
1.0,18.429764006040088,13.0,120.61161502265034,7.106876876074701,5.134508869040545,5.774050858304503,5.797233654171453,6.364498759114529,8.197076551409541,80.0345006805624,66.59264630454311,65.6648186931229,81.28526625471201,69.23936341717247,0
1.0,25.44920861318089,14.763946548506095,99.00978433498209,10.01940463506918,12.627942732837308,12.489137202023326,15.433505892021536,12.843517887380502,9.696748956734723,37.576520549626466,79.53909123065952,83.03640510857412,92.26827148892899,51.87761651082178,0
1.0,44.75530558215641,12.77023937934375,95.84464093098437,27.44331125245858,19.428062051074146,20.528948803346996,24.411188506388626,24.074757114083297,19.35089214018393,43.350337087130725,70.91281930399278,70.45330690790358,87.46502449574629,27.825024281960545,0
0.0,24.56625392012241,13.31172610022952,96.72736090053554,12.819727719066512,16.783542656174227,17.833394419477766,23.960049154272504,25.53608610902669,17.450559278437154,56.785675123464635,68.30708707348336,71.52122867357038,81.9708851831575,28.075233021817567,0
1.0,32.272013899887455,15.363993050056273,107.77005212457796,5.225573267724182,14.814674873292416,15.677379867680202,17.328284414092483,16.415523658930944,10.886659049263399,81.89086524312461,83.21143392800593,71.5623801976793,87.90023822688048,52.75679590383601,0
0.0,29.13868088752934,11.33968845283394,102.70797494342061,7.515746826942074,15.322045371893251,16.14711094266505,17.6939821007309,15.855583032664079,12.413601345402498,80.33524895235684,97.83946079096913,99.3956433544106,99.47223567928827,49.53525929013136,0
1.0,31.042415232394386,12.585991164999324,116.51404087318608,10.191382407410956,13.24577357659954,14.619468395634678,18.798494131110644,18.616750229963287,14.008045520507462,50.04776433514968,68.44938519271243,71.94083420475576,89.54916103022961,71.8579832530147,1
1.0,19.757966904070752,12.323413305330861,120.22122682068026,9.360933788329113,16.4088457768351,17.167691090426075,24.159654224807987,22.257569738045706,14.595741602651552,30.116407606951658,83.29345806370765,76.64200309197739,92.2741559137146,27.0762740305739,1
0.0,21.14583476213605,14.108963368184213,105.73930891212281,11.524793822896156,7.42940921356018,6.862447502469353,10.000468314726833,9.880106578305607,5.875411175243307,36.82350610532149,60.950040924603734,63.39652108017538,76.5044116865172,27.219056355739,1
1.0,28.126290666024296,14.547040370335445,107.04008228373525,15.237185293049379,14.414669868199361,17.009248600615273,17.680374047460717,18.408950004015,15.133494902869506,45.317422354037944,69.08306095314312,71.96712703310924,94.23968347630051,24.410665578600497,1
1.0,25.283910945377656,12.787440974480417,116.48791317863709,13.98575855796554,10.815627466130989,11.974972407752617,16.082362583379343,15.592743686026164,14.872287082352516,66.32650055684567,76.38729543401774,73.7375592154917,85.92782145344079,51.31922073817372,1
1.0,25.986968687061246,13.881202537784153,104.47030063444603,11.680593124906604,6.230582835283493,6.87420499768937,7.566850782071899,6.9183289216842745,5.244050927515693,64.88027290660767,81.23948593663407,71.3651648072064,93.40517172422554,35.94980485422871,1
1.0,35.536896051346254,15.933692563579372,118.3037719175834,5.428577421113044,3.5651664567930688,3.8175947187680954,4.333172567818064,4.3897325602018995,3.1090019389974035,41.68195631823231,48.93148398498969,47.64330471460094,62.52031349339418,65.088209766295,1
0.0,32.48482665627066,13.595297769778213,100.18471775177919,5.65271890629371,10.888643918524911,11.473494502973484,15.129151628454444,14.174882738444696,11.323837233196734,32.706242047292605,62.50115288091347,61.412630540475305,90.28256139162016,37.0452761636642,1
0.0,21.83252608404553,15.449295619658152,101.3093880698009,13.447045951160058,11.099266204496681,9.578135477800718,11.489479049344528,10.802619534675927,8.374280893645013,39.399990020455334,52.739332025720486,59.12009798476698,81.62317747029523,39.4998537874923,1
0.0,21.00445881009764,12.0,94.57186712473737,16.34960696692611,8.14735373343,8.03944772569849,8.471943609733074,9.585067774821432,7.26948232342371,49.05055638752922,70.66105238371394,72.30855887984166,85.55350378956682,63.10517234387858,1
0.0,45.21612659503569,15.397129824138283,123.62919122500254,10.787606131773613,7.24028334661992,8.366377157584242,11.71213985706559,11.41572643313699,7.407187011905978,47.86558281320669,60.29846903102268,54.02916456936582,78.90672598514944,56.149293049201255,1
0.0,26.974085596440137,15.491801223259282,100.88521712562994,7.671607840111566,6.464729461858303,7.996813896733599,8.4357800122847,9.228336811660409,10.727044243043325,20.86500539220485,89.38206936550475,92.35577930415393,97.23328994843808,56.542925631608554,1
1.0,21.548977833548662,12.304187193209119,89.60467983022795,40.55941877295521,21.50198956545964,22.88896780181114,28.708742352393493,27.203586001290052,18.81130810004703,45.58545373942633,58.62761503676942,41.54024080867276,77.50672486997705,79.78389706346212,1
0.0,20.051896544197163,13.433435219254878,107.86687043850976,12.354473669469058,25.7967862790346,25.627782629110126,34.622138901757616,34.345867912320344,24.681241648641823,70.09983880343297,70.91243974567898,64.08601774119776,71.39270665962836,76.72027229504076,1
1.0,29.647524671231636,13.30383562080754,104.60767124161508,11.305459620362583,9.59645045382765,7.135153025114245,7.3045164630914705,7.523477817916477,7.838917623378064,72.64784771850216,46.50120875172643,84.5806680196094,77.18377061452529,49.47308160537505,1
1.0,20.528505852490625,12.220241047565548,69.57157028314631,12.699636386637401,14.142933806684601,15.220666147599973,15.381082989864304,15.997108366873695,16.45383548721051,39.705634080008295,62.85950906505012,58.69116951379851,74.89709753888563,57.168692824201614,1
1.0,25.3001917790661,13.866551402685946,87.97631776735533,51.444848721482224,15.317002988641267,18.24700743939984,17.603469000138325,16.161626759224767,14.363379477332975,63.261351736486134,62.061516149213254,70.43754949889762,84.23817933985465,48.840544272995615,1
1.0,39.33412250082176,15.23800418455886,97.38099790772057,12.82678955738467,9.323767590851872,9.863041100902421,12.260135264181638,11.185901088697552,9.353421922104506,34.12316699381674,73.55913532654593,65.32856111386509,84.36093900197055,72.05741817241264,1
1.0,22.00189531710815,13.954002038124813,100.4406619110421,13.424018906945827,14.24867730132312,13.678048441938191,16.20052883573438,16.62833907017318,13.685754271796874,61.07331053647863,79.26050409466163,82.99198554094349,79.91602475559175,83.1362155895838,1
1.0,25.243145041018597,12.384706204365683,90.98147308383405,9.971784357106275,7.189679960011574,8.064021129124448,8.483165551256212,7.46109118626375,5.6295628286911334,50.028514825969495,61.44886921981692,60.738951451349244,68.37055607883316,46.19826106917593,1
0.0,20.331904563365207,12.237906942041583,97.76209305795841,12.586610258710149,6.791755473881619,6.7085728959366655,7.861679319426605,8.715721413127689,6.342621581555741,46.43008872106224,70.37541161469008,72.33944290613438,84.80878694298845,60.19206171232389,1
1.0,20.8473901131857,12.602427978912477,94.8907409489385,47.6105208894481,13.443867528444688,15.995445525759752,16.002845108008913,14.859466691386551,14.561504556317116,63.62112846423168,64.19883543135336,73.18549565016711,83.73930606842723,50.21615053799125,1
1.0,21.435799354795137,13.92899459789008,111.39052971160456,9.357353342046705,15.755483370291394,18.086647951594284,23.581237944629006,22.18920248102724,13.960548355409768,34.830762361416845,82.63134965446804,77.90624502685434,93.9250113875614,30.595212099244307,1
0.0,25.509537246409472,13.486869682278016,108.73266756413146,9.984341504320945,5.697743985722259,6.1016953445599516,9.881300251981672,10.123953101068603,5.261110587756388,37.725921970033475,66.01776922144097,66.31380900833479,75.36043768170663,26.22119612989379,1
1.0,38.651243113180726,14.702760468157123,104.75690117039281,6.388214883876232,8.270939760039496,8.917024700406413,12.790777596634104,11.693164944850412,9.19229573939435,42.77853816293081,57.18372895522751,58.09313042642839,92.83194834035872,45.855811483355524,1
1.0,20.574166006070723,12.0,84.14916478049915,6.542296724867467,5.25549848785611,5.430312282925834,6.830252712011645,5.944561097567393,5.3422062359196225,62.13584382426309,80.77927189728709,76.1934336105646,88.8080258338286,50.881484060755135,1
1.0,20.710489132554123,12.62721486221314,103.53649865483601,22.046774708991595,18.6671311289348,17.12439935996357,21.10608515471373,21.534911708129275,14.705327857487726,43.09585157783908,80.18490502491238,81.16904939643639,67.01204649258841,83.84519139323048,1
1.0,28.594153999561755,14.624343921482698,103.40923111013724,6.943338321613132,8.939739854089478,9.629597365218963,9.734728974798713,9.645474251694743,7.096859980822645,55.06278524715209,62.59613682322453,51.74527679261655,65.50754329232831,70.86820842048833,1
0.0,32.57531463305787,15.391568798690164,108.95784399345082,11.811340722711874,4.550025323909005,5.5879473164009,7.819538088990445,8.105026762573992,5.71057450861224,46.173996625999635,81.6776308764073,76.88239530036715,90.51205440053222,75.9993733824437,1
1.0,24.961989510680677,16.085799912810803,123.94304980382431,22.582304680403965,13.53797946592222,14.299435398006196,14.377166825773278,14.232552819571428,12.68156786069369,36.176165175554274,65.4535057878984,57.42995305432457,89.82118605293817,42.982172306506435,1
0.0,37.94543120619796,16.0,122.67585638517721,18.140540062243144,7.2735845922273565,8.92588574063538,9.0591128833511,8.36951302957629,7.515061328723915,35.371309614747126,64.36865707400331,68.24695826505659,81.41869989435811,62.22327017011968,1
0.0,26.270834320296906,12.071326626682257,95.23181153671734,4.614740636759912,11.555929923240907,11.98281137388794,15.032839700153065,14.506412373820005,11.65215662335911,27.329579654195918,63.36184682538535,62.130158444844106,89.15055829347799,31.718238080914578,1
1.0,30.98971396059662,14.549907673813042,102.74953836906522,28.083493795951874,15.722285550207733,11.318274637002952,11.168882514066249,11.26120706889957,12.5741792127321,55.58732916323168,66.3379842249123,81.95233190271722,70.92261020817514,60.758504922724754,1
1.0,24.12035539559111,9.782487524491227,113.78341650339182,9.482609980178733,10.261283420117659,9.225937713232408,9.768195341541542,10.52055206419429,10.152284480176961,35.956711825886124,58.62202538510662,63.93442524306972,76.17945018687239,48.09693840285406,1
1.0,38.053021394964375,15.985014799031697,109.97002959806339,19.976251650537858,20.60376077092993,12.795422562413403,12.185841111700618,12.339447383466823,15.838302169638338,68.9546185823592,53.10877508861109,84.97145189571997,56.84353029004664,60.54730678152306,1
1.0,31.352500660816418,12.138322594844826,78.45238724587067,23.94947523780431,16.29027624606881,17.804953470765696,22.65935177479088,19.9987769924404,15.041551185292091,88.56768158768264,64.97837368293132,63.62807464342178,83.36797994858301,69.12732218979164,1
1.0,26.914413001018808,14.23317381442839,104.55829345360709,11.620803764143048,6.511751569917975,7.384952013105748,7.973243241561133,7.317011802329892,5.473575092713805,63.875600375021115,80.83964058285451,72.04962636628234,93.57124549942608,37.70100793562078,1
1.0,20.995600359867623,13.11736365681066,105.70899977508273,8.456183349366128,9.894716509847603,12.349967136525244,8.673039880950732,9.988821162220193,6.778648331134498,52.298292245933474,55.990421509270945,59.3513996124574,86.19584266897287,41.74088213458412,1
0.0,20.886166788149445,13.566121325024138,106.69836397507241,9.135059298169871,5.734366928510345,6.090553117890964,9.12439540454383,9.607942217520236,5.230240764573754,41.26770419561264,68.77743964280178,71.3733353582416,77.03126349970505,23.023911532122174,1
1.0,22.968740319112836,12.557742705184364,93.85629840443582,10.872636307386195,13.55379411000694,14.173061417786556,17.409306649461747,16.469352916868427,11.939176327491523,56.03360252637113,64.96933153544268,63.088801603755385,70.25608695900833,54.152431007212584,1
0.0,48.87665617658912,12.299642170027228,82.9964217002723,7.672623053970012,5.1646884586002395,5.490789679203255,6.489575474170601,6.457784170760815,5.036114074553858,44.86012647967828,50.153574942454284,66.75845054388618,61.27143232762439,51.65576104964799,1
0.0,38.105572475163115,13.153338857761694,70.2135211638976,8.667608904828423,8.611399026415198,8.694187954015572,12.2448374920437,11.30787610031003,8.319484728544111,40.38444975712578,70.67429821686623,71.96845418666007,80.94634102164663,47.47037338837847,1
1.0,31.225367270684544,15.568972875634277,83.8677842055848,12.71211827635732,9.765062121212969,9.990734615467849,10.525034410213687,12.03088254780972,14.049856172895359,67.54195260846802,62.00863791235764,60.539400720548635,85.3230881644974,37.49718246071819,1
0.0,24.425311887436635,13.61803250848876,104.02254063561095,9.586818564498168,7.955389497583848,7.06709745806155,7.268946049432323,8.046097850017363,6.078158118189821,30.049319199522404,53.68367230137672,56.37355243600049,63.07834729861776,34.23240393476585,1
1.0,44.32094217274111,12.88777009876096,103.22445980247808,10.001079435311826,8.954614855900575,9.267227022217677,7.467675469275964,7.194789478502089,7.026260193141522,86.6667312769312,67.65688214754765,75.57418785537311,85.57945931682815,43.034070695874846,1
1.0,43.39364622777409,12.552785346302539,92.98143102464974,14.721143060529219,13.61852103395503,11.604645670823237,13.831171939667255,12.600157293817936,8.749633513689892,55.43869001914469,59.52536701834233,64.05915111778927,78.018600033861,58.373718732980414,1
1.0,19.311684484269783,12.806904982662843,105.19777983818653,6.383782416861704,9.640175389971088,11.910830784520396,7.7386432142366886,9.577976549462017,6.156313343439834,52.83130011338209,55.06891466909407,59.49131298458107,85.88282820536634,44.49237863142818,1
0.0,30.44319856301851,12.858637395544225,102.21989023329084,11.00238753869198,5.988414108484914,6.36195447053714,7.180474112337146,6.823911192888621,5.739007476805795,59.64924933983933,70.32948632840979,72.10886470238219,71.4787863574323,44.02642416115805,1
1.0,36.581850814557214,12.668988254714229,89.2683288680016,18.486169977743238,21.99192843673494,22.14538375898767,30.34877875930473,29.818539445562507,20.187493643977426,48.111070173851395,77.85325875102093,75.7167330238985,86.47099802140012,38.45588545135951,1
0.0,28.543943502289412,14.742059864309365,77.80686621436455,7.507744398180744,11.483900189130996,12.442774797208578,12.08191699283617,13.118019517925394,14.471151269871026,64.93030746793497,64.20020317683571,50.77513624521946,86.56571243726681,42.62467291987782,1
0.0,29.99114399754334,16.0,107.04347573501211,11.100883734194941,8.488796378905285,9.113237166316077,10.0947530095765,9.192995494123707,6.204197790263827,34.97203686551211,77.1708123595314,73.42243594992831,88.13705354139543,63.2490667143832,1
0.0,19.29971026617995,12.0,83.89799836313333,25.860614887179963,11.61193310779375,12.01083785440435,15.725533137223257,14.049870942913273,13.47773310762799,12.934323112089428,44.60667560807452,44.97149685290845,77.56525688215496,49.86518867380477,1
0.0,33.7206738218915,12.105344652978731,99.36870628542556,12.226343403363312,5.711161580708854,5.947599489119984,7.126137558149252,6.353481944361386,5.404172899223594,59.094289074838585,69.20686629519221,69.8259402819552,67.26013357838848,47.05371083781113,1
1.0,22.947531906102643,12.567841949474932,93.96234046948678,10.879570958527935,13.661619237034376,14.275027028921693,17.56232225391191,16.62602530618754,12.048168386849381,56.124678177933596,65.00841889310156,63.10558015999429,70.2782547951765,54.33272148922961,1
1.0,32.776069659278285,10.610727720688788,92.05363860344393,4.8449321940194086,13.923616312544567,14.60731835045047,15.440502588162792,18.128309859217826,14.58221507537458,26.067231092656073,52.50099477770643,69.86370659126997,89.793198829305,75.81910497281945,1
1.0,21.84790308307301,12.0,104.51086762193171,9.94188628665846,11.941104899114741,12.640807581826495,16.3971431737639,14.836193353519274,10.195172399632163,40.39947018224989,72.8221676154729,69.07011934296465,80.15714674524841,35.53804522358395,1
1.0,24.68575857013753,14.20630342805501,102.54727571041258,10.381132055122375,11.902582889114528,13.917162422169051,14.943473078099565,15.510075156803415,13.140750520496091,32.977469738347004,68.42094561803685,69.7547293203477,93.14655897258028,39.32197683883287,1
0.0,42.2859539477059,16.0,108.09976567300522,7.3551873865077955,9.81715438655223,10.660014613517298,15.244252558230428,13.620328754378713,10.787257490234232,41.15483286537593,61.177932780210334,60.34198877902189,92.01100648454043,45.570712777903715,1
1.0,56.4722409654627,9.527775758032035,100.64814949464531,23.83015839035172,8.602290705027206,10.43086282259149,10.17459992974029,9.315353834634362,8.10653049900095,55.65647758236449,65.10671537379865,62.497726572793844,75.94291571102286,52.16772010673975,1
1.0,23.976871331383613,15.945773909153438,99.63849272768958,9.49858642851518,15.0721836345464,19.369083683278223,23.05060548424456,22.32057708618546,13.316326096225,40.97184680119529,81.78596583975138,79.48562669569111,95.93043870188887,35.16846939246305,1
1.0,24.335018141550663,12.0,95.92672458220122,8.2584437213892,5.546946173108094,6.179436565936368,5.322273612066247,6.316315208494814,5.494620130801107,30.863245101639425,58.66093476399123,61.21954362932514,60.78396065695276,30.98163197031081,1
0.0,26.913724142967073,13.642354581557342,82.7482410354507,12.033865062339991,7.833483396833383,8.176569287452336,11.333148199951626,10.889858146662316,7.008882828089316,21.50452402332593,76.12551471199363,70.12608236722987,80.194257726235,30.37788209842202,1
0.0,21.147077174012683,14.09940635374858,105.73293756916571,11.51065274188707,7.411423600497357,6.851359202653084,9.994967297217682,9.87849502993207,5.865922356477014,36.817546156793476,61.00589210103722,63.446844326547065,76.48501462666343,27.157575788792794,1
0.0,26.363924891649468,13.023317907773752,96.74483803162438,6.256231164004679,6.288706769482506,7.5544986463135375,8.569822466869816,8.564024536483712,7.11115370284034,28.780799020626905,65.48367657109523,62.07301920115849,87.62433393059369,61.70699491873951,1
1.0,29.67338975316443,11.162819772756388,97.32563954551277,11.197004738240146,7.202270630780243,7.457385733659583,6.834856253094621,6.5494510445914855,5.355112998882208,63.51960980215297,67.31045809094063,65.59759369743101,66.2560974781192,52.972018475754794,1
0.0,26.710984593152276,13.232243167409557,111.46927662890018,23.913328580115866,16.359850040570365,15.71753551555242,18.866901214037096,18.964606032592933,12.808252538883137,34.663858808608445,76.56016613303136,77.55930879729635,67.29956067069453,78.90821678861522,1
1.0,23.120702065669896,11.627620691664697,102.4574597694451,21.922434766508882,13.739891559935309,14.66379483965958,15.480097752414984,17.060768997825438,12.659458053892555,60.53211353675151,60.357164475379264,52.567648175390616,64.6095537466418,50.74439115756712,1
1.0,30.295368311395382,14.03525630735504,112.12339707574264,10.851474599042131,5.237973508710162,5.086740288403271,6.527313501075375,5.406287005023313,4.312281897656802,62.95127340205093,46.47155100523762,56.12373041310638,62.533998660818106,52.18802879601121,1
1.0,22.690119419984303,13.0,94.08997854557686,7.812200116339335,5.966821620544781,6.067937339450665,9.208792283425902,9.416310573014595,5.366770437299213,46.97512102666073,68.5374430231586,71.86577313069382,79.47804751272727,35.04127083753621,1
1.0,32.10067893919552,14.998152725577663,109.99630545115532,8.914151401410185,3.9903398787078483,4.646307745941683,5.223897287252975,5.004192965150195,3.6208952392350238,45.811470000500435,83.56695119530328,69.24660631744221,90.64188016873317,55.837767628500586,1
1.0,28.510617000985697,14.230387457318368,107.41012915243945,6.3563253718919155,9.831330591281606,11.50398629204825,10.880738206091234,11.373696022071693,8.09187166035531,47.837557813521144,56.97066026583203,59.4360015679164,88.27955705956973,45.14761233669725,1
1.0,19.544954279011947,12.021107141724992,121.89446429137504,9.521221614298256,16.37860086218148,16.76321685080226,23.959671388333334,21.98305376942753,14.54555637498331,29.668309444063727,83.35990311341112,76.3356772789857,92.0129453194244,26.620696795059228,1
1.0,27.3678443435333,12.486742152959454,100.46022645887837,16.371297867821866,8.927786632391872,9.600783965354559,10.15140249920211,11.096079301726064,8.528126764202636,62.30497939773904,63.44059830570359,60.563034198261114,62.94463685276814,47.08458318014874,1
0.0,28.91124850402215,13.812197575437107,85.78412303334747,13.302665569638288,8.388459844366947,8.693666409372767,11.974989076389857,11.681629156605263,7.255319213360321,13.210272480119077,74.27737618067896,67.94689012173173,77.70179715119123,24.0220273318448,1
1.0,31.55267041649177,12.868788731020857,103.35287324836443,21.69925248322718,17.32604761007837,20.393916603197063,23.333579549374466,21.990416528163298,16.83472776891486,50.70862349320286,85.56837084121919,79.59485679401895,95.46041316821874,36.588742708335275,1
0.0,29.656340771578957,14.700156815389352,103.90109770772546,6.794318747645872,9.422057140107075,9.896777346210547,13.16776161911813,12.703868058513333,8.429820337284742,47.76392433477607,79.43530945780404,79.59998255834634,87.85313409158957,69.61389121478166,1
0.0,26.14937105863144,13.41958655187774,88.0979327593887,25.326783406495736,13.669807448296053,13.949490527252111,12.119946803934335,12.934096162038731,12.455099741113317,60.001265128649045,81.66580024734945,81.4242271953034,91.82254271988201,76.04180539646302,1
0.0,24.019089936448434,14.6756962386524,94.37848119326199,13.246697514263342,11.999746537961519,13.754466993397944,13.027140281456886,12.066876611639646,12.183244808169311,67.66501054772836,94.85301737551943,89.76597039839305,98.38575720080452,73.91186452073438,1
1.0,23.40888889571128,13.407497304784291,82.16163252726768,60.71247630161077,16.44306927056943,19.781893988350383,19.23280883707475,17.548040064128678,15.289782321631272,63.74450189002271,58.79537807039377,71.71893505165245,83.42167710695468,48.428057234857235,1
0.0,39.4902485423607,2.7622232188986633,84.22259375538178,11.385377506117097,6.778586410470392,7.55969411089919,10.283377979161838,9.942283455030182,6.86556265864566,23.966994347680703,59.542430588465315,66.06369402385833,84.64317415336943,45.39727555725013,1
1.0,20.125298449442642,13.499193379884753,96.98064111723406,10.486264131148129,22.23946479708843,22.748075334952414,27.857653428454945,27.490126794541354,19.76551130510989,70.43712230557104,74.81357443972598,61.19482168638377,71.44015972114299,78.83621603823575,1
0.0,28.503615956994896,16.0,105.00402939446428,10.894314868797693,10.174447761025446,11.910762538005347,12.430311804074522,12.399992301759124,11.490725535032936,37.24560237323735,90.01789151216299,88.51269783824623,97.46741038646869,78.49605495814123,1
0.0,29.51721227352783,12.0,77.69433795708107,10.653661740286552,10.662213740706488,11.255772860292524,15.112866157519576,13.83608287132024,10.976508668493175,34.66157508605078,71.56004262847019,72.15405511727253,86.55267742100348,40.978065958332294,1
1.0,45.94970363361452,12.956396228245566,90.21801885877217,12.110178147106506,12.229458802084904,10.09687154666196,12.643772654836198,10.825595842866267,6.736317629186621,50.19480678722173,61.344036202057794,66.2483585787285,79.6963702923661,56.25554047457003,1
0.0,46.346838172383734,15.983651532392024,127.7874699210963,19.719167602610796,20.75868875045375,22.128427332727902,31.280937379661907,31.20025480447228,21.214921320784494,74.85709448640576,72.52006589856599,74.33911801285115,95.26481559665177,54.61449122279504,1
1.0,30.710181851992914,12.530055486009058,91.78683729748374,9.136314101399428,12.285634007146978,12.492064113961387,17.875667088284192,16.36181228275494,11.280232300246873,35.86177919874369,75.36536788949017,72.86024230411076,85.4620201376077,35.67573412747464,1
1.0,38.772129458107834,12.720439658203242,82.23648273437406,15.483854894854966,19.22373429923174,20.142156502068563,27.543371746536977,26.85888064904748,18.101507035893267,46.130014399720366,76.81999465315147,72.63348609480185,83.55858410402655,39.03269706114186,1
1.0,31.701156960317064,15.650482066798777,86.07770922068093,9.647155084292443,9.561146230965866,9.636732775931685,10.450167048072249,11.921876987008414,13.888105632638407,69.72596298032708,61.40266874894907,59.40514112114782,86.3738421914652,34.12656710827794,1
0.0,30.216627503828036,13.486312643384483,108.47718773897414,29.34128175945011,7.616065953808195,7.62578178726352,10.332263799193393,8.670096529734,6.834601349209796,62.102894011813554,72.74972140167844,57.765340049097404,82.87860965560533,51.67532498488581,1
0.0,25.753414073191387,12.0,81.79777860059279,29.828169942003875,13.297029899275246,12.732605770118774,10.263043646721705,12.214351652993361,11.097831569091518,57.128961354810585,75.40627235303982,76.12853358335644,88.44524258772188,75.65780025236492,1
0.0,32.47265561408952,12.661500609341028,96.71574421126024,11.126881142916693,8.60272594828735,8.815673082642485,10.589342803756278,10.490576097211227,7.178130460874596,12.704263270202537,67.91483435022569,66.76818921892026,72.14067030509374,24.10890034999719,1
1.0,21.538446962698927,13.0,86.0552993367098,28.00467087997996,8.710110838976675,9.256654514030982,10.071968614029183,10.128191278280234,8.28246071677888,61.67521085792448,74.5837594969764,75.17852289534646,83.00221017636976,67.00684347491404,1
1.0,24.74734469377741,12.0,93.98790543160827,9.035140747023098,6.163920241215211,6.762934621172885,7.236002698585447,6.689744308272088,5.076915667840787,61.02930352868284,54.46068745890955,71.66946018053689,76.7490639298224,44.14952635742353,1
1.0,21.30219441809605,12.980331583716046,104.70497375574068,9.888192991240762,5.339757486487641,5.596571640510968,9.295132372490524,9.621560123410195,4.799163108955062,36.14762737034772,67.30451684252814,69.13294442483095,74.16976835654097,20.30415335017502,1
0.0,26.482814239111217,15.472576207957102,112.09584492792646,11.241482056199054,7.606885230470209,8.355007054762027,8.277460199360478,7.511824500729934,4.147362394508726,40.11180594542111,77.61078980408548,77.49726104466905,87.15821928257405,54.35561899004121,1
0.0,21.088012495618223,13.222788077148728,84.33672846289237,10.142979298429749,18.840983576203453,17.746377324622838,25.772444079315278,23.786420567791925,14.684253661108063,51.57614196080511,80.53337144465667,76.47442283458743,92.39495893874879,65.135514470809,1
0.0,23.419299347382747,9.572733093451038,115.94542350159446,8.726873592247392,11.299742464145766,10.130193070446643,10.58361696715725,11.62819112998492,10.949253095678417,24.98638517647853,56.686021092487444,62.67196903441069,77.50530011436679,44.036034724270706,1
1.0,40.51779057686163,14.926100572439372,121.8250782915264,18.973082017482376,17.169622144811555,18.029857470246657,25.419631610861927,24.722443715365003,17.127574392062918,77.80769145327532,64.86921595774957,71.84645831189216,86.59730195454699,50.327617835156296,1
0.0,25.810880283673026,10.970559748552631,89.35328301736843,19.84200196801134,11.566207647717775,12.387922493140806,14.670476375607407,13.630354060081077,11.408934385047191,83.1971205418719,69.44293680140956,59.78296340347141,71.24339809498849,63.19039971311273,1
1.0,24.86053250323976,10.118060601282147,95.23612120256429,9.704739343558602,9.205231372878195,9.486733261645348,6.717962328435054,7.0316927242258505,5.3710306013657325,69.61111994180038,64.98824889580305,60.355541370044406,65.70576953978598,61.28138517497459,1
1.0,29.956835790363446,11.97345733404736,92.55222320128524,5.485511235355491,12.969120781959539,13.297285076680298,13.739627038710578,16.08903661988744,13.670605645425674,42.372699782027574,59.73213884504377,76.51380225425486,89.59300083595198,78.65912491774304,1
1.0,41.27894328331376,16.0,108.62314743709476,7.3828497986308435,8.886697364381668,9.757576374743978,13.705444607216071,12.315861559994103,9.665830427375408,40.63791834798857,64.64630842522797,61.757395828339455,91.74883784909201,48.59159117946241,1
0.0,33.55983097360462,11.790050504432497,104.11973064302668,9.776686171862279,8.948528645773175,8.993445387993601,9.861181694898326,9.963499432871389,7.463783120516923,13.500892371854428,63.60232412448644,65.79489209165484,69.68429018876236,25.87814380285557,1
0.0,23.714384897919334,14.788751607451369,92.80292577555775,8.183885989334586,5.970247876522425,7.346848447015351,7.4401757795059265,7.908266639140949,12.208796286386967,25.18083834765209,89.53481914782466,95.85894659264876,96.67207099277375,33.374848544622616,1
0.0,52.82993347800199,13.626756152846081,93.38729306992256,12.576174852165325,10.712723776057835,9.178091162271574,10.489080798316317,9.766207188888153,8.66089692789074,72.8318599364746,78.59986147641523,84.14835627377788,84.29553964940553,69.16574974221851,1
1.0,21.360732920174215,12.0,104.71143516824051,24.88339840808223,19.035163375546766,18.4313654314428,21.771957662765193,21.498486349459895,16.20999569760931,42.018015559863514,60.588279856187086,65.73709402256713,81.45925205591476,54.896042178561515,1
0.0,29.802859960164405,14.717293562592328,104.02105493814629,6.784811151772057,9.428645628188839,9.901426785641174,13.184428870857985,12.712977456360766,8.420060265714385,48.13550661931232,79.31780725492425,79.48468240177702,87.85607826187439,69.67719859172603,1
1.0,26.674083984510844,10.016654596278954,92.23750905279078,9.013620853539425,11.596162766388195,11.210166376625251,8.160067764001758,8.400397560369905,5.711195192753865,69.64889452728782,62.17790861101527,57.71490784763604,68.83822959211224,66.63683947996543,1
1.0,22.167496963945595,13.0,89.09418823162123,30.95781554944368,9.297502079863003,9.409192301833286,10.065443663738474,10.111811211303326,8.539009035342868,54.760367475331606,76.57280466091834,76.38275038717748,84.05204767761703,64.93823792053665,1
0.0,20.517116495602522,10.0,105.1931599351018,16.197578106370702,9.522505508080997,10.791096213120174,9.855254506157788,10.10782648067489,8.672324130430027,76.97702817102395,75.1233539830468,64.00613153512445,69.48610533407631,55.63779643773835,1
1.0,31.867366204382186,12.605320820301301,83.35586861316366,21.67058635858936,14.72452541300523,16.0838902358727,20.404421889284304,18.078174755774363,13.573320322663008,82.7986654758295,63.003897129981944,61.66124156717802,80.80279570575996,68.63033287129814,1
1.0,43.35264137399638,15.453514674231885,124.85770937683334,19.36401545805821,18.966393564284857,20.080192317049967,28.355416018020172,27.963357353999605,19.173870301674697,76.36127238743659,68.59225517666987,73.0448444146723,90.8640244180578,52.387750849289176,1
0.0,24.21031750047195,12.0,85.94851305252799,25.448527856583166,11.623725519281155,11.207639605485392,9.681054519564865,11.360008178199193,9.85387110349755,54.504013692126016,73.86438950390631,74.88729429043698,87.50561861119995,71.57902586281868,1
1.0,42.4990030255137,10.341540069276277,94.29229965361861,16.66843740692665,7.731235540111668,9.493471143927078,9.226492261995324,8.769706588811578,7.885796238528956,40.64627787273575,65.83478782422526,63.11302535591383,83.26484317239286,57.71043389044598,1
1.0,28.444783085952203,14.813959425408806,104.7034898563522,11.522145712405806,6.9757063473935705,8.227732481538276,8.643828907336522,7.9748759400823666,5.852311487883049,62.21779648927244,80.17985825542537,73.17905212105023,93.84528280132547,40.5906572310805,1
0.0,36.73732307400478,12.0,96.11211083206595,8.262676942548177,12.611422980904774,14.58635257633731,14.849859541984394,14.875791359315448,13.21660525508641,59.432280923702294,92.25768295491599,84.60970376016094,96.3399619605317,53.88618603243928,1
0.0,27.2816378487097,12.0,105.41310278967758,13.062984854669661,19.815393256484942,21.69732865157563,25.92096486727975,26.077750070162622,18.79061488879563,44.43827691752642,88.53375639739474,84.53401410549053,96.75596336321568,46.06346120590325,1
1.0,21.01732680184116,12.38848628913432,111.51087019337338,23.607418939205353,8.571221010661672,8.780887844045013,9.358217957472977,9.371071557973297,10.97870924575011,54.446487004555266,78.20106555618733,75.64169928172295,85.61933933184466,56.36985187567421,1
0.0,29.819942114479087,16.0,107.42884073719831,8.035864121593919,8.001360240600075,9.6592233642004,10.697323731937555,11.465006871302965,9.675819368501145,20.858482066693494,88.51159905245822,87.23854503883973,97.36697366144779,80.42258731483578,1
1.0,19.271465331884304,13.0,75.10369725547973,17.36207537001316,6.593259792872699,8.70693610966312,10.095483346437897,10.187222056238376,7.357907303777797,86.59504695558194,67.41560300610806,70.83870634993264,79.2187870367923,74.46172112197054,1
1.0,38.60367712886999,12.627894414948637,103.74421117010273,11.992540844080244,8.441313862623833,8.502428217423354,7.95482985025298,7.062189729966637,6.659891871989533,86.42251154381447,60.79440551614994,72.53672136187073,78.94798851965237,41.82331638188532,1
0.0,24.822188613803895,12.0,84.30265720970472,27.185150519207042,12.287226839957317,11.812321620495883,9.91182577619009,11.698773814992059,10.347128290688707,55.544862124557156,74.4757793496268,75.3794724739006,87.87819980850936,73.19634798697017,1
0.0,22.761706790500256,12.929059083000073,75.54704584999638,6.541565230090111,13.550057538727657,15.23459256624977,13.75854307534321,13.797837457040453,13.770921756591592,55.7578079997343,71.89070714057016,43.7628362233591,88.24208344146483,55.047724162780376,1
1.0,26.411312657969695,11.206432345572223,102.3967838272139,13.178819298835922,9.61970164358033,9.778231673417793,9.870067968296253,11.099824304073039,8.366549763107953,36.231735081914174,59.27511258960485,56.88595591204109,59.25732996178529,40.0127982391394,1
1.0,22.394555884477636,12.796925875842412,85.81229649663035,9.985078078766351,15.228345109986645,16.50829730693577,16.205331568592147,15.859329924761896,11.88145260770345,70.97635713621999,78.30953705368907,57.12266601737949,69.89395122751007,76.53975563699524,1
0.0,25.33342038136817,12.0,82.92750846783878,28.63613693458263,12.841596780880622,12.317546738355691,10.104640234753262,11.981819952510403,10.75925551515978,56.414513873567905,74.98660900752074,75.79069816703473,88.18949959029588,74.54765617955388,1
0.0,41.83957045073988,15.889532912505182,107.64098196564184,7.215324756240191,9.88409011893048,10.706752514892347,15.274142701004502,13.675787369231658,10.82957467031185,40.800442432059484,61.20543655223799,60.33244097025424,91.98671524072626,45.064770516596035,1
1.0,33.86939423301081,13.684540417969766,98.15772979101511,8.385206043798789,11.720418641095158,12.728027520353896,15.661597666938913,15.529479510170113,13.300956327539412,33.78500938662875,68.4238628096072,65.55026413606349,89.94565971915495,76.41074285574773,1
0.0,23.172153625899128,12.0,90.70016359923513,15.804127512647142,6.941122706961124,7.318265289761695,8.03899764581057,8.549640283947658,7.90101125193696,44.74763429331741,77.05348662776237,78.1767784025045,91.42640661114241,76.76565052224196,1
1.0,49.55310165468603,10.311895458819203,106.2475818352768,23.205167853896114,9.121973924687191,9.830886282160254,10.347400643519055,9.537271318773804,7.905430800550921,54.33359191320289,69.49220993110876,65.20294717998762,83.62477608668138,48.48082114728725,1
0.0,24.14667718580986,12.0,89.56305334949464,20.28632109109708,10.297937089803233,10.594117212412,13.491346282254208,12.283345959206219,11.160304681962398,12.734410201221207,51.10181211406733,51.7117832614168,74.52629746332758,40.030671894692134,1
1.0,36.54338216805345,15.534875149816767,105.96891796507865,20.546446335199633,19.585038303071297,13.079858317406321,12.57685047780167,12.788996439245043,15.600965492513557,72.28485285697417,57.4217158894464,83.64688395430532,62.565008706035734,59.9728162497296,1
1.0,22.024577243634745,15.927363553242124,98.19975022858415,3.252263940973014,6.044182360512142,6.0086275008321675,6.0954541767475385,6.586904625792816,5.654405418241467,75.69234232432339,58.28189004001426,74.98350594335646,71.83080792628286,70.18249987866801,1
0.0,23.699189921809506,12.644265991722547,92.76479291308674,5.715478353929443,6.1304031282560825,7.393823656300299,8.0615763910113,8.082184922830946,7.026794846056334,26.59398331999795,66.34447438021296,63.453680364020855,88.45851916802633,62.19244405426287,1
1.0,38.23195365175042,15.860404618311675,97.13959538168832,12.049080436387193,10.279533458570503,10.832669306092479,13.349860348152687,12.422681100605795,10.658141038251605,34.89995455460385,75.14173219980582,67.08992429479122,88.73710971573281,78.73849889453601,1
1.0,25.945416221323487,12.749748639484135,92.00201088412692,5.721265556640978,6.824524412879449,7.193120235022768,8.403140667362855,8.13610896465114,5.99682522505195,52.1719509390133,42.697479370918195,62.75708703161021,46.8037078190323,57.354849712011635,1
1.0,40.24175013373281,15.844661062282308,97.07766946885884,12.624097188959063,10.302673138975441,10.940392679644999,13.658839651443897,12.580030261279646,10.49884674767686,28.71837837159339,74.17793709885052,64.36218158078675,88.61354895979802,78.00129962950294,1
1.0,23.915064102490476,12.0,98.30326551467323,12.6294162038619,6.411115101292928,6.492248334388191,7.668978180812061,8.055656548179673,5.969227434810635,50.44771807331614,69.3219939071314,70.83297188656961,79.2943044668746,55.6657796341203,1
0.0,32.60254496625528,14.611247281589966,117.20456611673646,37.913113872023686,18.583624417359893,20.49126229073697,24.52159914289025,22.351491180037538,14.621955335532022,33.76882713426915,64.39781519001149,68.71285237667692,80.97445508452664,58.9652077873073,1
1.0,20.189139040535466,13.326651241796041,92.83962980310498,10.011952177601371,19.926759842825252,20.68554336771537,23.92879802935623,23.57856926241245,17.099325829145613,70.91847967224237,76.28203692383808,59.71676033804553,70.75741410411085,78.46990752619418,1
1.0,54.202465317715195,9.516392988637234,100.48360701136276,23.941281491523746,8.817190243913364,10.615345151900282,10.372477582808264,9.797450307146917,8.27412803537782,53.61920858386576,65.12523627005125,62.71977686905548,79.0976790847274,54.50516528145921,1
0.0,23.47514986449854,13.728457084180258,87.86171663278968,8.626662722544944,6.875362060054934,6.175344453246399,7.825615162531464,8.177573600564106,7.502353095481628,56.59425918417492,79.55293741070075,76.96513643102278,88.15335249823956,39.342796726537465,1
1.0,20.662099847292907,9.13899267843692,92.89575549117231,8.231618379939707,11.382551045774896,11.597172935206054,6.807128001361001,7.6643367386905865,5.432241981188186,75.24394558985037,62.458650716984984,55.1516382908918,65.62560387338326,69.69019523221718,1
1.0,35.054613067300316,12.0,113.11110579804306,14.112489786986472,11.965126802776222,14.620683671245477,14.03528909782104,14.575421173958443,15.200164616222668,40.691394212088056,64.65133931209542,60.828035934536956,85.17285132920433,61.194227245157805,1
0.0,22.04850786041062,13.157976924988018,99.15641535021567,19.47512302220435,11.794203422175409,12.80128543590888,13.336783625545559,15.599316892218654,11.157664487617797,57.81772786075193,60.228375230666195,53.56013193382795,62.087539666375754,44.12353691736756,1
0.0,23.083864412918054,13.0,76.47074078188209,11.864904361963482,13.324608149277436,14.5930149194865,13.336043808474882,13.375177955871926,12.946761405023992,52.5195337878751,73.2514441755065,48.71778464713735,88.00403406693084,56.285218540173844,1
1.0,28.858229291000104,13.645415620226714,100.75197105675704,8.274662727013125,5.8482306158532005,6.498011072039368,6.924350047630097,6.294965863972985,4.677907501162522,46.83229875798898,56.986099402300795,56.074911266655036,66.20347538730654,52.7608738477652,1
1.0,50.18283960686263,9.901463367698419,97.09365873997352,21.529484725940314,8.74957119158672,10.550126601013645,10.294025937179773,9.335845321776723,7.8622762697831545,53.813117314539376,63.80981188185857,61.30670774867131,75.24693384437218,50.64643280866743,1
0.0,23.134183916589574,13.861646907582198,82.53412369671206,7.110050048750734,6.510239740255204,6.099619512341049,7.559415854748469,8.097949660768487,7.725070587567709,57.2647106499749,79.42436288105934,77.51835314874579,86.8428901007781,39.521481396627216,1
0.0,39.8089231429609,15.46901831102812,111.14156408859843,6.912056890805961,9.347740173656765,9.662946909955267,13.435941972053389,12.434838257187023,7.377933714927836,73.65100476649934,70.34323887188822,70.71411915228155,85.23843950206133,70.68539101091721,1
0.0,25.262014379812246,13.03046313288584,115.78147468456636,16.574615844835726,8.788820342327009,6.572188216260888,9.220657981310245,8.594850438508788,6.335180872012178,53.080694440173275,80.22674447559491,74.0659515469021,95.0209554686745,38.40638269935385,1
1.0,30.492559318675866,11.429190208359904,96.14595104179952,4.983161505099695,13.276993707241196,14.321455594306553,16.490873966328056,17.952311368950223,15.114746465284059,32.94174674843328,59.238072984860175,67.86836175102054,90.49502345555184,75.43691491111404,1
1.0,35.70677673693692,15.835729932928498,111.46612228201761,8.068156478077752,3.82002576967436,4.855802411934001,5.239145835247953,5.1212301608917885,3.5645710138888504,38.50735189486359,83.03676274227088,69.76263294986309,89.05750324771111,64.81853942883058,1
1.0,35.993913362951425,14.404716394220822,97.79764180288959,9.798436169035288,11.247747703130232,12.132036889007631,14.993885790381771,14.546144390525145,12.366743691058552,32.095813948788646,70.34224921065737,65.15416194780559,89.50153907750452,76.94102841194473,1
0.0,23.20251787863005,12.0,90.63576958854965,15.831223977377967,6.942673205763951,7.323013813084122,8.039418638992275,8.54673087338395,7.915645147508988,44.72880125440181,77.12110971078738,78.23758686551407,91.4850589397719,76.91586993039354,1
1.0,33.66929240114293,11.232127928997347,91.32744564101151,14.529225288810721,8.0200188214347,9.27672053578741,9.447395045601867,8.372716965631366,6.630670370421003,52.031779287626044,63.17627450023679,61.84915936685277,71.30599598547302,46.55606176308926,1
0.0,41.773976308573374,3.5120473828532566,84.76290791019991,17.365150401893818,6.6085080221859425,8.267100895108015,10.423588149509166,9.30359222435264,6.850482177517386,30.07340901195539,61.41050899668233,66.20149699360053,85.07415731806546,41.57072083514511,1
1.0,24.430315353824227,13.0,80.5300102299411,5.237289144903327,6.742884823187359,6.679611690205959,9.018186588797168,9.072281520876487,6.103070840851965,60.45202142839384,69.91285366135968,75.13446993702257,85.97141326426073,53.63021059042455,1
1.0,41.02165616548215,13.0,66.21309449925796,9.622757766177575,9.744322179708385,9.815494190447662,14.025020419246946,12.992680819030404,9.408120853109061,41.994951887135336,69.35341904298802,70.29630127660275,80.48377709956601,43.370454301887364,1
0.0,28.250324876979953,16.987591192728782,110.04963522908487,25.25160642652784,9.80755649086501,10.508189752449638,11.848313881838905,12.520566201934693,12.572306415086091,69.61650264349461,79.90430250039934,75.4798796661184,85.75420764546806,45.80374439143958,2
1.0,24.954534341236013,14.431801511854019,115.49987775359614,4.332156266665706,5.306124873176315,5.678070011911406,7.191009612636158,6.647824159129641,5.446897204212041,83.67512039607107,81.22218497916306,79.28308714824053,84.09630883070456,78.19306341282855,2
1.0,26.007212871490154,14.71737694492435,114.15213083477305,8.764333224622222,5.809899061847852,6.278486456126065,7.507367115657573,7.007540949119231,6.1969930510411295,29.785525564997386,73.8126206588297,72.85873173415946,91.81551682044295,14.644588242709874,2
1.0,29.79664698604724,15.923742619767715,129.64413222558267,11.579578853861038,10.1407581417893,11.474712641347976,12.920236246335856,14.360700936276178,10.900168639828843,63.44276173034482,66.93128431333714,55.80749047300427,92.36916566425765,56.028624044868856,2
0.0,34.271160140451016,15.568434292026783,124.6263886061473,52.44283321652106,8.411043785475428,8.866995166937587,11.281695385061091,10.541747950325918,8.743204104481428,45.91889463596042,73.31437284894365,65.17087443708309,82.01957204578487,1.8354420760403594,2
0.0,25.048428540715665,16.87428325725306,108.68570814313266,17.589505970508917,13.776474950462788,24.401025364782367,13.994579816556598,12.150389386918595,11.161318306549903,73.71957656037182,76.33577902432025,72.80343797991351,92.85697874216295,41.120284031290595,2
0.0,31.829519367176225,14.909231233791342,120.54564164505513,10.259750947377414,9.886907549528726,12.002028677769813,10.323041688007518,9.997995284052879,9.219435260415604,68.86439178870293,84.45321300317131,83.75372329200697,96.24499884589271,49.299433630140314,2
0.0,21.125071025452684,13.571779905381634,113.02969569722123,8.838606529672385,10.650221623432158,12.028713985306322,14.808641091873964,14.369256270701868,8.33158218650194,60.702356465629535,76.87190310152015,82.58284985887278,93.393299742291,69.21818376060206,2
0.0,28.213830392823184,17.017141382329406,109.93143447068238,24.939202974527436,9.857962170029118,10.538269658749043,11.90918721331581,12.565073870105845,12.521384198607764,69.56068851132865,79.70694136433616,75.34298158669972,85.51731392592998,46.07152105845455,2
0.0,25.41880976903489,16.907566473926092,109.46216763036954,17.003597471214135,14.109703886791518,24.107747099017608,14.747373509007,13.032076680474038,11.51104640098045,72.1120926614966,75.75404311104211,71.44205856792973,93.28591289271242,39.476234035409654,2
1.0,23.50141554170225,13.0,111.48726012467975,9.125124328934099,10.712312074111209,11.108733445731392,11.764528508194164,11.135679712126382,10.053392136258184,22.917563983274718,78.03448774428921,77.60936423497851,92.77837601901658,71.55461146193451,2
0.0,23.53770246178622,14.76885123089311,119.0,8.775540636837638,11.13535193881296,10.557921471421876,13.309647425897772,11.472677750481097,9.173647795555333,78.11660275914153,75.50727239802004,83.86758862355369,92.07195970634189,55.81071809936753,2
0.0,24.266653415629147,13.733346584370853,96.31106252397353,13.483247687120429,9.444008759232894,9.70782642913632,9.98635101892261,10.756045291294862,10.347826013809716,79.45055661464883,75.73719566612445,76.61688258921745,81.77276191545562,69.70387308616601,2
1.0,25.542403669016757,13.0,115.0256238486089,12.511936100427954,7.500345779010916,7.62234716247979,8.130813557412809,8.270021833994003,7.068943208252405,91.82904416598126,87.70487483778274,95.48502977943164,91.9324394304383,80.04789336696584,2
0.0,29.331917818574478,19.46114063119845,113.76979909828793,34.835444904611535,23.344894819328637,23.872993963624918,44.65251158483878,36.473998574984165,14.392954325781673,69.89948844296744,66.00778974957404,64.31765739486978,75.16690277453753,52.10999286590126,2
0.0,28.420497094172465,16.0,116.46646222424204,6.2565874426119255,8.782802538842693,9.208326105298157,12.003376059873204,11.350584332001759,7.755289875305889,41.336551475114604,90.98554765148519,61.822440032576814,96.8799306151159,34.06123056739459,2
0.0,27.18049793037483,16.161221287254005,103.12854901077803,13.69133123543882,9.984517081483457,12.244765215529334,13.020672120872296,14.743845738319713,9.779658358966206,59.063272698655005,79.80269878985344,72.95008894364251,88.03480317971471,12.181276458693844,2
1.0,22.0,13.0,109.28120939062971,9.978387946664572,5.167071444635754,6.318105506961617,5.753630851173016,6.187675607895539,7.896837059166823,46.580065597587634,71.11541886635982,75.29958483537624,90.43748498325219,26.544175673799234,2
0.0,33.01862343593889,15.42436113869325,118.73804645259509,9.698303386076333,8.788575600074502,11.471655717884266,8.9054410424968,8.749171482006059,7.562283772838546,60.400096769798935,89.88136481344081,88.60980582403869,95.65883299287756,58.78639648972846,2
0.0,24.80042253906254,14.90021126953127,97.63340375651042,7.763940133123972,6.960042310870757,8.180045184972975,8.288919137449565,9.108224795123988,7.289557732647203,62.661124337879286,65.60027662350946,62.11474864642227,87.42194343973074,49.00414476658274,2
1.0,27.742921180375436,16.128539409812284,102.21348524530706,8.89291022983507,7.021703016947523,8.075145418375527,7.37697007739582,7.714169807386431,7.810847715328939,67.39613490532187,79.4045025133091,80.58777262934188,90.01254687559317,42.01043271947067,2
0.0,26.214688307596457,16.0,99.3742954617062,8.989341157193532,4.838480112921653,5.19855556616251,5.266348834907861,5.975600474923299,5.315583743469896,60.111561592136276,72.26664169520564,69.43283226233805,90.05605374798465,42.21167551160118,2
0.0,23.123136238864785,13.746280235544143,108.03739158992296,11.291796351564946,6.990101053922906,8.259801374011776,8.635592849838567,8.829406151918494,6.652065409029855,21.339842943119102,76.78310766213725,71.6496336770183,97.7881191501797,33.51198599041335,2
1.0,24.107441001510022,13.39157427030528,116.9009070407706,3.6004005380937896,4.753350493796262,4.554531175947886,5.3539205182993,5.441116706878728,4.075689619822311,57.00226945606906,79.01476036543701,76.07893872993704,90.5575931714761,41.139555481354165,2
0.0,19.880384989271494,11.921315516168699,108.43775946827743,5.594980738769651,9.526802697146511,9.966705393254463,11.0271352875333,12.218099620645535,8.957725540552113,74.61862354721143,73.366163014514,76.41523410246415,96.00478897424054,62.71143034689436,2
0.0,22.614880310328125,15.422320465492188,109.6214362760625,7.3280297342657885,7.361665000922235,7.517778876838937,8.279561784743972,8.24624965081577,6.607668709681207,56.32849830797216,79.29112113459243,80.36522751007311,91.68791396514062,32.05724416458027,2
1.0,22.480456499617468,13.0,109.41563480030602,6.910257169127805,6.457740532290289,7.00525291067012,11.318286982763992,8.332080586441283,4.941736667595261,97.2218238304488,82.20118395153196,76.74555351565208,97.66853251783198,69.8487527836459,2
1.0,25.727986100112545,16.54949382706382,124.59394092547831,13.930021422528965,5.406600177869581,5.871350773147846,7.214225908885004,7.504156354406706,5.402152472642653,99.94254854033157,81.24590595923401,71.06541298583042,91.27236948858057,94.32487036528977,2
0.0,28.00953267925091,17.449740377361618,128.78942883019556,9.218705656305865,7.7264274306403005,7.891964259491925,10.962036901234871,9.200465180925125,6.9781500530133505,83.43566974776724,79.04438455330202,79.94980679352015,83.89865057932981,76.26672605203973,2
1.0,27.227935162541943,17.544129674916118,104.40445386220641,13.490137209958624,10.476115975963515,10.753051987431139,12.357433843401,12.570409417455336,10.168011529892855,68.35189705992391,74.68780247293178,73.26256887152483,80.43133462507103,51.4043606913083,2
1.0,20.86446105686872,13.0,110.70843115450502,8.207185300474823,5.561687865638714,5.9006450433628075,9.265164772751707,7.1145201320703375,4.06415095046524,97.63034198399119,85.92908667051387,78.09602539360095,97.83443739716542,72.50002245562901,2
1.0,26.0,13.0,118.0,9.816004812642223,9.759560979636621,9.805813889662163,11.416110396711272,10.721990751101535,10.144384858427939,91.00072222638043,75.47735151112816,77.12947098246865,95.4771242131359,48.59290040120554,2
0.0,25.278538833487314,13.696347083718283,99.41780825023098,14.430246755643555,9.053640677147362,9.159260379385065,9.213683642802136,10.076539564346536,10.062006333901559,81.29797765835333,80.08202132405103,81.22772435132819,83.61003343147033,73.26018274297954,2
0.0,18.918573256483196,12.006952130531191,108.00695213053119,11.922819969091886,11.872245926181137,13.847511915315515,17.063572488263095,16.92800607457814,8.925914798034116,67.62916484003962,77.34430740555234,86.69197449553009,94.59195807314129,73.23728518268858,2
0.0,21.0,13.0,119.70419874897375,6.076546609376138,6.922346056947543,7.035169717951633,7.612369361797156,7.896404542247427,5.627075817404413,55.624773560938046,82.53868975093442,84.89818727910327,86.7563631297392,40.46270029963499,2
0.0,27.078122977958547,14.747766990553663,116.17411003148779,10.620069650375534,8.146225963408186,8.766147577113014,14.679805459965737,14.452738766353725,11.329708818776757,71.39671942169772,87.82535479487862,83.01934391423484,95.82066928689723,48.12992478984724,2
1.0,25.66632343141219,13.666323431412192,131.67147196022933,6.727252453499934,3.65714956291657,3.933578643815209,4.313836096259002,4.326144055170599,3.6811135505410597,77.49626052943533,63.51115055781805,75.8861577905322,85.4555715015609,48.6341386557548,2
0.0,27.895642941472182,16.0,121.2808077959979,9.945314930646202,7.315732112002167,7.109021951060077,6.490993398100893,6.332138586553282,7.175690372457707,95.05359330665185,67.47288656711983,76.6139219387668,80.87929306754458,54.6637554734608,2
0.0,26.915017802991564,13.337615171403629,106.68807585701813,20.383610802409557,9.921152990371876,8.17272027050892,9.259842012673824,8.955904220362847,9.070495399778602,60.355283055306444,72.3814920522334,74.95904705543397,83.57626259245306,49.22920686951843,2
0.0,24.236924728763046,13.699115092476445,113.25782615086275,4.099047861550362,5.234613595546691,5.023934087855149,5.856050617117604,5.89839648614222,4.480373168986055,53.360065619222496,79.95025974994694,75.51717553605694,90.28713700354982,41.07984639608936,2
0.0,29.93077380258086,13.969608796062266,100.52484104829057,8.185334734362177,10.624871603079209,9.166617293124308,14.288640686146834,13.242800023252485,10.328668556288157,72.80218193043082,71.74770603037997,51.750684676484866,78.98740025348978,57.16909994195386,2
1.0,27.03758124348673,14.556371865230098,118.0,6.678965831708915,6.7547327405589535,6.447415789834167,7.7130980615450335,7.122342434870498,6.45030456223398,84.86489740762511,86.72590936607396,86.2816949240266,98.22368680249065,51.10675101596848,2
0.0,23.890943123314464,16.0,107.37584832883857,7.9113298790358835,9.891281600348071,9.997195452335898,12.551543099747063,12.145979397842531,7.13386625600642,63.42025233303368,84.24656210110956,84.52959879994687,94.0797828965036,43.74821429354869,2
1.0,27.090963180965648,14.909111192862119,124.90918556668989,9.707580150904981,11.154228830342516,12.666960710901007,15.346018414623657,15.989035902060856,11.221847387414995,64.98097679458127,62.23286201833963,57.012110281756044,91.68384233684758,61.53403412167668,2
1.0,29.887128330883844,15.915346248162882,112.16930750367423,9.753587316620376,8.997928416356295,9.52286917854121,17.449300716780076,17.110069139770854,11.940396179002219,90.89254183258919,96.36064421446133,83.58990254808218,99.00653512341542,59.69429145180115,2
1.0,25.849789179768443,13.0,117.92489458988422,15.173140726596976,8.370052040833091,8.660632959027176,8.487955575162246,9.005504256721679,8.049315213304283,96.66622950181173,88.89937540729224,99.49140333694072,91.63413484936085,79.10352142789202,2
0.0,21.303808006802083,14.258911479126821,115.96435408349272,12.053019335276412,8.039359277307616,8.418517236299266,10.465730932219385,9.505693628512342,5.733800177561852,72.40198870032518,62.25600395708046,63.34484818881089,81.8037493270848,50.78531319782618,2
1.0,23.988994023569543,13.0,116.99449701178477,14.545814577177953,8.507112164454444,10.600105325622902,9.386159071065512,10.576341472904677,8.77298124074277,94.29722513732271,90.1312818113397,95.87200045134074,93.65152568712845,68.08614593581628,2
0.0,32.01631860867661,16.0,119.20351323926708,15.583629138776764,13.2072420359783,13.422724051401604,14.822464906350623,14.161777712188053,11.19974436656072,99.70133826696669,89.47513700091571,91.70636073021437,94.05094615027974,44.9279274768289,2
1.0,25.13936197750987,13.854521483132404,112.58803060682811,15.023027246173628,8.027880973021622,9.236285139552862,9.9386334113662,10.347206085714111,11.468294044833659,53.89502947920744,72.22454711385579,71.02678906812139,91.49879434485598,52.257664444093315,2
0.0,33.04640796863701,15.815565263227336,117.18848715820027,17.76168313248743,15.37845203829073,15.778576920920978,18.149451200489207,17.384619071508915,12.70924435322589,98.77761701875508,98.46971864838423,98.27799332614838,99.08310313409491,40.21783588193363,2
0.0,26.55344557482983,14.82869300193969,118.29479232622114,26.00916010697447,8.586849060918128,9.343995102207472,10.03256492089452,10.132272783536749,11.369104486916466,67.78783952702531,88.74115464072509,83.94999463525942,94.36278180002272,44.31049484683239,2
0.0,21.978567814169107,13.0,121.45445660510936,7.795298226050066,6.530000682743115,7.067828959091323,8.576129701030169,7.608695350215514,4.808161314466766,98.10712541220288,91.43164967028883,82.20152126283826,98.50786646787125,87.29213430444698,2
0.0,21.308872507499935,13.154436253749967,97.05147875124999,5.442516755188975,11.235638523620914,13.737762428238137,14.2615692768406,14.912103298714374,10.954869988855569,65.69039780066305,57.11949886942067,53.95136617447765,83.83536039940907,53.82603297074622,2
0.0,23.557292928473224,15.164060607290166,115.03127271251802,7.406245664578131,5.940877999700989,6.049900623674984,6.971028998170606,6.803853297894287,5.511231522315549,63.61534836312706,72.43008069243683,77.19697910446588,89.52746288271014,33.65641131868286,2
1.0,23.724797657899963,15.72479765789996,101.54132942983327,12.123634396994483,8.580582558729123,11.78890628920526,15.686681524127913,15.735840039940507,11.328074072583032,38.469938752488375,76.14711343194884,77.18391892706141,87.7974719979158,70.65240514140515,2
0.0,20.593285042642176,13.197809453334862,111.83299025067156,9.581471158849844,10.949514439468341,12.47226246269139,15.353622771673125,14.991720589284238,8.47915698520092,62.301364814437584,76.9782076430426,83.57781649630128,93.67345836014822,70.18150456961382,2
0.0,27.14489487209122,16.0,98.14489487209123,9.324754907939685,4.646835891349612,5.173351984485775,4.887306751746015,5.759450881034064,5.40839912034694,62.17168957698928,72.24391822017373,69.34123650538501,89.7120071701062,45.00053135397562,2
1.0,25.46835828083269,15.447263801387816,100.89452760277563,8.96156299870144,10.566825863022757,10.171144619502748,14.996833353102113,14.305182182437022,9.755952040244612,77.11190232448538,74.9266862870211,66.63719341795321,79.78243265140853,58.97767973816971,2
0.0,27.0430486376682,16.0,98.45918546846077,9.26215737554221,4.3497373845440315,4.7750728573639725,4.644151745374936,5.578026462564878,5.065112417751398,60.78970925569448,70.89042791372226,67.09184715176066,89.7206964814621,46.104941555878355,2
1.0,20.420552715115004,14.210276357557502,117.35699488720701,9.7108254960365,4.4375082055757,4.762448940273679,5.848082211182061,5.30683320689689,3.2721914790271045,97.44716665852219,88.60487675255159,78.07586838637043,97.41077004630611,75.8620795384546,2
0.0,30.256559972969466,17.311457810376485,113.0,31.03461210280723,13.80813004871455,11.45379572652817,20.16906692896528,18.263660222588264,8.780696391576125,56.603737273327354,67.1016316596747,67.19574447068453,86.56840991706223,53.38441905907388,2
0.0,23.715141154013846,13.0,114.00598807809693,6.1505075360700046,7.3103901840362315,8.04365231277945,11.878202184545358,9.096861195084466,5.678864767681304,97.2732352694417,83.22238357547704,78.12790127770288,97.91939383106326,75.78950788642024,2
0.0,32.983240097029615,16.2376375439924,122.4752750879848,9.021014734981021,9.336060970386171,11.872545536928996,9.434937463501578,9.186823155626694,8.075438362740261,54.36750991970749,87.6203648898471,86.38829438241544,94.90330981006319,55.28463162045345,2
1.0,27.097514440283017,15.18464904583558,121.3589182569407,8.915534608355019,6.69494354144351,7.75224924544057,7.012244222537422,7.253916165896904,6.754752831286748,74.79695231549539,85.68641233396178,81.5305508117698,95.56890598281706,67.87674718026774,2
0.0,22.367783132719254,14.10334939815776,107.52886746912299,9.497852611099773,5.92661705071223,6.749743738871192,6.6252752162346535,6.872840196710205,7.584916030647102,49.422406731545045,72.51701578142566,76.1139545584966,90.60005848501898,25.830532204326463,2
0.0,25.206165016438522,16.0,109.78002420228347,7.8554152837648585,6.84419080260146,6.903493746828372,8.514901617683496,7.946540305837724,5.982396345305095,43.19695041989404,77.44276813202454,75.78452450909836,92.16464892313867,19.446283905333715,2
0.0,26.891914471719296,14.099410867717316,112.29823260315194,10.798904687721778,9.995277407654223,10.534466997385259,14.34167526005671,11.982465192858573,8.016629039684904,98.01339351525166,87.43210773845347,84.37804341444073,98.15207370667586,58.30046096129446,2
1.0,20.678873420373794,13.0,110.85690126370096,8.356129920139754,5.458781451313696,5.773787282552192,9.029375680584904,6.974690426466692,3.9633653574150327,97.67725790749914,86.35721452062837,78.25111919977846,97.85349060339605,72.8045052896258,2
0.0,23.819420459891184,15.729130689836776,103.26405678076172,13.543788641082084,9.855421738950936,9.874019111960207,10.585730131075174,10.410935285263916,10.037283281414497,66.10457607865153,80.97224065772761,77.87339196747439,93.3381975371176,59.76526043442943,2
0.0,25.572861167122777,16.65879001764305,105.29395008821524,12.924896327369142,10.327185133262855,13.57934583120847,16.990921921105752,17.58239289788817,12.846995374278285,36.79845856350093,75.09768897181911,75.20201674749862,86.42406873174376,67.39542168856309,2
0.0,28.433759480226115,16.0,116.54673889548049,6.983512890956233,6.1861153453461775,6.498940394195173,7.915450397250917,7.759778733719989,5.892199668606298,76.30183426957872,91.25447370260137,88.20262953136675,95.89525960459054,36.5600614336347,2
0.0,27.321333406401312,17.06740744800073,127.94829638560161,9.28601498618692,7.689729969081454,7.818051275254949,10.869202948523098,9.035353176048908,6.840697465112232,82.66136252309919,79.4895711045852,80.52143527960496,84.7479113455354,75.91283685742522,2
1.0,22.20387570777382,13.20387570777382,115.59224858445236,17.662421393941383,10.033116925360384,6.048821123009531,7.991636192483123,7.891625476154158,7.76111670243869,98.59761846770631,60.51895644501896,72.58490024304804,86.0267236826199,45.2462166104314,2
1.0,27.59089294318824,16.0,108.40946230667043,10.589344360429534,9.217339496644737,10.114581388473898,10.895787479876665,11.682255692761156,9.641719557700283,66.13457730576957,87.16478565822635,88.23776691886523,93.51554995070359,30.852581262208645,2
1.0,23.355128723684565,15.032693085526848,104.25704946710403,12.025635674632692,7.282220740000347,9.888995421863383,12.513008428061971,12.665547813968947,10.292884837678717,38.607624635632824,75.36068040917715,78.06109406193951,88.80834031417827,57.13294664106411,2
0.0,23.201707999762732,13.049763486783569,122.98341217107215,15.337448240724187,10.543734411262818,11.77756856454992,17.318467111007443,16.126569754302217,13.435342351681145,22.255247777033738,72.08052274498199,91.48835402257289,70.26450690555203,39.016576259078846,2
0.0,21.150832690954275,12.51209305829928,114.21767504938705,3.837458129101215,7.904389266974053,8.398435357291676,7.55502881509304,7.688020920686664,6.14645776498921,76.62690976806994,77.21420711223583,79.85691896792937,79.56916814005258,61.78106448417315,2
1.0,25.452991550395875,16.452991550395875,132.03846197678143,7.498272421376977,6.19002553688231,6.138663224810309,6.637045173530536,6.608970470039164,5.769060494935526,44.257669,96.120313,82.350788,97.891209,62.123509,2
0.0,33.16920567937451,15.06448162877165,113.90309930549606,7.9071533044151,6.343226178944482,6.572998278983668,8.108716737392413,7.14734258045483,5.533118816175929,62.28851943882503,71.26620086194279,74.22287641743875,72.28067520172922,52.38810979249833,2
1.0,22.34873285800998,13.076496239821545,115.65126714199002,5.687965934049897,11.654943408736305,13.142531367799506,17.410210538891313,16.722313305432177,10.509290808225375,65.5075617746663,58.28383604546615,62.24661940982189,90.55649381923246,66.31731139704696,2
0.0,22.01628533802961,13.236249047590135,110.25405845225808,5.1285481496185845,7.656192461958972,8.140416182561484,6.735992040081957,6.416798472479973,6.4344019733097735,89.50545937393146,74.21499328404231,79.79558604249004,79.21640932935777,55.00224238835349,2
1.0,22.0,13.0,111.45305861479785,7.045608542392268,4.931037042802385,5.573588534406799,6.526626196679738,6.495691065603207,6.272515368109917,60.86025115726925,83.51104958909548,79.00153604459612,93.62846739735124,36.59691970226506,2
1.0,27.367299887367345,17.683649943683672,129.86113979726122,7.428529370594523,5.769527524963004,7.115182303343426,6.485817915209928,6.31279444360962,5.46370681774737,94.84330143842836,77.31993946118088,71.14804276406586,95.35091293336795,72.02359395172616,2
0.0,33.25648739696082,17.724958111708013,116.66214394951811,38.53402215273398,19.433217508781503,19.491570171830894,27.3449283386447,25.449090365140922,15.121200171202666,60.552578174659544,74.64293368916924,70.31181977683885,88.77820828998766,53.56365480115194,2
1.0,22.43386256365336,14.023199053150776,116.06959715945233,9.137846676268953,4.568015338530052,4.681292893009822,6.345521093512258,5.854586975419842,3.534556906305207,93.8637466060294,94.28529754486746,84.70940914834537,98.06034879694639,64.9042888655625,2
0.0,33.79474922271051,16.0,118.45389408496236,17.443130618720158,14.951049500605553,15.689098519447011,17.393459022977947,16.678305909250618,12.342171331825911,94.76956966846896,97.72169193001784,97.42609515594772,98.75048200342785,41.385544645539824,2
0.0,23.983501345281972,16.0,106.65674039787162,11.766328719045482,7.291501815819108,7.476574187333164,8.56027843100356,8.336340470076667,6.873275843314526,56.71487117405755,77.2478483283971,77.22123660922058,90.88333444073449,24.85537422196414,2
1.0,21.24532129323804,13.0,109.14137547366687,8.26891431869553,5.789229751512988,6.001891131797118,7.164685145914924,7.148868711903753,5.142242162088559,54.398806979257316,78.69639130832331,79.65187386090291,83.28158003948955,27.182666093924013,2
0.0,22.48411674456969,15.226175116854533,111.19059906516374,7.093398968299072,7.423437186332257,7.582889717609905,8.274090702534423,8.289391493339707,6.580666687169918,55.93521831894011,79.83636277102802,81.05361732958012,91.72124422503501,33.82827876577264,2
1.0,24.360063815863285,14.700079769829106,116.14033503328224,8.766112283423016,5.8929348214869375,6.487261771986661,10.194786792227877,8.057805003506964,4.960063641365782,98.06221319467939,81.75313537317857,74.49910592606415,96.55752167271645,79.52434216546757,2
0.0,22.634444400402433,13.0,121.63444440040243,10.645903664644631,8.235838405997177,8.821201226084423,11.65562729977648,11.143131850628123,11.988937919100183,44.26370498241735,79.24469522957186,83.95340533185414,92.80129426038631,32.73469498423064,2
0.0,26.110401623198925,16.0,106.00638539120968,11.306732832883576,4.636053591366181,4.86188476201059,5.545599469777629,6.487859735427867,5.296590637674987,60.128265491493764,66.38475691222862,72.34149560663113,80.91397710619155,42.79343247769897,2
0.0,22.251129461573022,14.881397686575975,129.470349421644,6.905191766306159,8.265837428491613,8.376633431414902,8.812559307279026,9.69868570666942,6.750607759399395,51.08083183939964,80.7346736786639,80.54540825816679,93.67549594194418,45.897751094181906,2
0.0,23.725556872701354,13.0,114.07889810890948,6.145515000878677,7.318612873154085,8.053603802885055,11.876743327738831,9.102298644643342,5.685491407617984,97.27589694732988,83.25471286568879,78.15435817530289,97.92382436879326,75.88844700307534,2
0.0,27.22996383648057,17.813794464388202,136.67243080485252,8.559886834845289,7.51676612446789,7.535578251454284,8.324315620271369,8.43594254094843,7.595934582241044,46.79231616096538,95.224660463391,82.13705532764763,97.49833189215178,59.77088799139961,2
1.0,25.588863031813307,13.0,117.79443151590665,15.085175216189157,8.389271012881485,8.932591455907078,8.613904300622508,9.225771652903244,8.150789783633257,96.33404076988397,89.07211693210681,98.98388006137155,91.91701930252869,77.55863276126686,2
0.0,22.298745828510008,15.701254171489992,89.09540137120337,8.54916284759549,10.540226432884044,11.193950224807754,12.434620912242355,12.594622647757726,11.13532818473155,82.4361269403565,69.76042483110237,69.34490648099589,82.36414569609114,71.48888531004589,2
1.0,22.100695628180198,13.160961941325276,111.46759417090693,6.1579766283802595,5.421199436670062,5.3544842667183445,6.467476779891531,6.502420303113144,4.701228353513934,57.88227730100981,79.83350069419251,79.12070098960638,84.9009297672027,31.362340594138022,2
0.0,21.43707266326549,12.3219404179026,116.91455313426948,11.221818739896188,6.545382222686487,6.9990794715018305,9.736101884782572,9.359530129005407,8.845589038750983,43.02493977539578,77.06372685770033,82.1277565660449,92.38851950963836,45.06995670562301,2
1.0,27.206323403098715,14.952371276162017,125.11106595542275,9.787395163213601,11.111018236577912,12.616127719299016,15.242592149790148,15.919609798756706,11.208132210605594,64.91539306629585,62.433185145013894,56.96074980553835,91.71306195635172,61.2993040589098,2
1.0,23.096177284519044,13.0,116.54808864225951,14.244821055575336,8.572874143798503,11.530671695625566,9.817120594984264,11.330035266796816,9.120199009784617,93.16056764740318,90.72235528593097,94.13539689728144,94.61947764205793,62.79996640823021,2
1.0,23.30866922014227,13.308669220142269,104.02889740047422,11.246928561088094,7.653791802250549,9.052432209298981,9.899506693835033,9.759468421629851,6.679768588936959,21.085611342568875,79.56172828368247,74.58057667884478,98.49411400408127,37.995403444780486,2
0.0,20.677481454409296,13.338740727204648,119.0,9.767192131089752,8.033938981360965,7.707011913534467,10.538081352162001,8.081962972202952,6.105220813574415,75.13112838352006,82.55604442861834,86.0788712478929,93.45507153514063,69.01937793040358,2
1.0,23.33962663757287,13.342138949150442,113.1195021834305,4.315378962523022,5.144137295039578,4.974651145950725,5.883383581467362,5.970493120793459,4.419506179380122,55.54319992091962,80.88471052895001,77.28064643613442,89.0909101936601,36.94234007956052,2
1.0,28.56812658461715,14.926094938462864,114.14781012307428,9.366532189686273,9.362099522493544,9.717148573003632,15.628606434057316,15.081581959944732,11.49353124763409,90.48712257409225,88.26868424351842,79.6875468491343,98.1113184159607,53.556910046584484,2
0.0,23.1682799299901,13.0,120.98064084011882,5.346841111542874,8.20117715219147,8.391889651170805,8.284524649825732,8.887731971038539,6.5922662776557885,69.59656812895598,77.62314618833481,78.51373385258368,81.27280922915453,69.01637081782721,2
0.0,25.846452721610117,16.161628714094615,117.38371285905386,9.496314286743445,13.825494276494537,14.932929622839472,15.446493379183702,14.040316824558557,11.715307021011375,79.53641417898663,70.54530052257515,80.44913262856446,91.25989127325677,43.75675602221718,2
1.0,22.304337434418763,13.304337434418763,125.5072290573646,10.598309801759672,8.956913180572133,8.760417180249895,9.949312703529339,8.464786147298014,6.691704105901728,60.21861426791723,92.63338541311019,89.25172011005552,95.6906560821765,56.577362982154305,2
1.0,26.967854701702052,16.0,113.81928717897877,7.307716149183367,8.418523415043808,9.250535303416758,15.080305743020098,14.708318370904307,9.816173041876107,73.06869300866417,94.34258969493182,89.2689625233131,98.36171882990246,35.566078588886114,2
0.0,24.01839410323326,16.0,102.15634987748271,14.38899820702307,9.888205000940301,9.853246766531216,10.481206427189031,10.415113035569485,10.112767558028727,68.15722613051588,79.004822377867,77.54769650313591,92.66383944648075,58.98222505416768,2
0.0,30.188227657071742,16.0,120.27498377127745,6.649154021611267,5.865292197985576,6.231891477146367,7.792682363810233,7.6437309713221895,5.635509570290633,82.37689700872656,95.63572922142653,91.38781167929946,97.28543483398342,39.69809553894252,2
0.0,26.573611212072446,14.009494692675833,112.0284840780275,10.446766960484743,9.72951816349578,10.27487222635531,14.148390251305205,11.71593039171834,7.7882219637166195,97.9379127227278,86.90627042382422,83.71830473026321,98.10816458125316,59.17523405819546,2
1.0,26.989876832307562,17.974692080768907,105.96456891307646,14.552375079427629,11.521839162707305,11.526676494215991,13.909275320020607,14.025310562909352,10.823763791164794,67.75809736920712,73.16698732967008,70.83287347016325,77.65788659308035,55.04911758914196,2
1.0,24.321616102834998,13.643232205669994,129.8743436400775,2.932817872876535,8.459726337756463,8.98829199268764,11.713444432223737,9.554307115657743,7.198022625053173,28.680332522786703,95.48728621053081,82.01420045911861,98.23544815569174,53.46185844957378,2
1.0,26.64620136809976,16.548733789366587,125.87720820859855,8.715809455267014,6.323498695329518,6.347512306374006,8.455098375708458,7.752508098543645,6.034906303843639,65.99717433946377,70.7594257707348,85.8715601272749,79.16373226541603,67.90611852927219,2
1.0,23.07568559307808,13.303541118987763,112.76758079077078,4.707924753065813,5.2031624308199484,5.0555705432933316,6.0078184109337345,6.083814536620682,4.479524085409185,56.04151542208525,80.66076147959568,77.6726504436932,88.19827952916974,35.75358067221889,2
1.0,27.3039225190052,14.955883778507802,118.0,6.182528865833459,5.903427320155012,5.510994888988962,6.591196031063665,6.093067640994477,5.379075157955739,83.62432822037223,90.37416706208842,89.924733396406,98.6999513464996,53.545209799120066,2
1.0,26.32719207161832,15.425581188026824,112.44853861892112,5.015870459272885,5.9149867475153215,5.9398298169761805,7.328045413599962,6.235844334590158,5.478707146550987,89.35582401702028,84.96834182247387,84.21813247221996,92.3318507997872,49.90972051920375,2
0.0,21.765603271215554,14.151283114609857,115.75641557304928,8.340975987612824,6.4610468965237144,6.48239676148076,7.70665380497263,8.056998199338864,5.6237394099687705,57.27798929049648,77.71323095300224,77.99802894490699,85.28614553361903,29.412423806568075,2
0.0,26.813754562516,15.2882527375096,104.6939780999232,8.606447531903921,7.183794501320566,8.14633579324925,7.301042585197428,7.860052106341507,7.5398953209368225,70.12986458324029,79.36900420263794,80.87968203057135,87.84154674586668,46.349589520460164,2
0.0,33.48093755749817,16.0,118.74600301840732,10.7405223191708,9.516485317764882,11.924725208916533,12.014061221963933,11.93166460872512,9.576150238840414,68.01428733591312,93.15489177499883,88.30453682908279,97.12100428426815,55.817430603158826,2
0.0,28.56136096812928,15.239474215354072,115.28157735393778,24.180187032337997,8.22142478419308,5.620327149764858,8.00116080365649,9.050428047055197,7.127154991763364,47.137333330759006,69.66314253827497,72.76083089180646,91.7491197809723,47.833656662414484,2
0.0,24.31096910400382,14.051101302858356,117.5474302933305,13.55952046806025,11.96274997352535,10.608577774064912,13.141515901918812,12.100718130669307,14.438793040196002,45.993786822393986,87.74499587351926,85.34138896375697,96.94599238845365,44.29153229424425,2
1.0,27.547670231482535,15.547670231482535,105.33261675924453,9.289367101638131,6.264341280384452,7.285772406030146,6.493614668068503,6.944645175369304,7.10933755387164,71.89277318661541,76.7409681363615,80.5238062114036,89.03266585006544,41.10909699616904,2
0.0,25.02716132309897,14.315662462946863,108.52180627680549,5.350972078385185,4.746542802347866,4.7402304787220215,5.214005845091023,5.606498181948427,4.51283912415698,56.506995578925604,77.84924169861455,73.20385668153001,90.76175425863164,41.98799450196901,2
0.0,29.64830271545221,14.295074189993585,115.11477743001925,12.830678907422982,8.903811596742191,8.132809716418885,8.603409362789602,8.741406730824096,9.658842419056729,62.16233362960879,70.62055403241237,56.39721749362453,76.1666742494204,52.2719585918393,2
1.0,24.90632523217191,13.041096027176195,138.4707812686415,5.58688928948879,2.9457095528879993,2.936093182924201,3.7319977922614673,3.6130890392882047,2.6357679003296393,77.12172143011948,60.944376940106274,74.43624261724929,84.8570836428917,50.233035784699204,2
1.0,21.470863212237735,13.161320481342203,117.16142098470283,6.963312560611968,5.649029667683601,6.09220449825826,6.495327559193342,6.775204873890939,5.745986468661165,67.56485117351488,78.97694979398887,76.91558830610688,83.25274188700959,51.05208558720765,2
1.0,23.53040473536345,13.322362832242856,109.28716685245584,15.484655239724235,8.211414902985835,8.442047590927325,8.466119227914428,9.34870329065941,8.139566545894455,94.2037827912315,77.28077776936684,73.38871528585163,83.60115404559666,78.73944680637715,2
0.0,21.98815805568529,13.975958573516333,105.97595857351634,24.560655354122282,11.90850591914369,12.567320063910708,10.663316501567598,10.289915848907821,10.69923432182453,62.10636071499202,73.07906319408012,75.17907263170197,89.7928977238833,45.76696551741405,2
0.0,30.0121452503614,16.0,112.02698944524755,10.28880698272621,8.95783478633538,9.381999654190707,17.322107278424024,17.048143156139254,11.81747970133456,89.77286441728003,96.26544151709591,83.54010282734632,98.8896181772903,60.03714423250129,2
1.0,24.9654886233338,14.4455470754368,107.49663185466535,13.327091669742458,7.511925861015388,8.148389113597807,7.7635964965505355,8.492962761197298,7.639172706235845,88.37906544067282,78.16920120945865,75.33112229221545,86.5231156288064,65.36071505207269,2
0.0,36.89206205207087,14.32386033446866,111.18748789305175,7.847209391844335,7.010470912261933,7.1184352498909895,8.531729255225214,7.43402844289775,5.990369515823064,63.603279247927226,72.50140535347484,73.29490163555853,73.16515773872281,52.470216303553585,2
1.0,27.950890992021897,14.106584122008211,139.52455450398907,7.07554779224973,5.801671377874493,6.053425584955576,7.314070532027988,6.857129651166311,5.3434422600134805,67.10350770485024,72.09078692756975,82.64071434214391,89.49415591673143,40.658916070722256,2
1.0,25.384433910624946,15.384433910624946,116.94811303541648,7.6287272513535465,12.35676378414534,11.852513831960152,14.932884881769318,13.228627152433951,10.462723924279281,84.05259351584957,71.81185095376051,80.80410332487172,92.26299588242091,49.47844354297879,2
1.0,22.502637093105193,13.0,123.53955639657788,6.207504691369905,15.69631037726468,18.24186173589879,24.157852221003218,21.878460450535954,12.317833075538948,62.59359218672286,65.19700353082419,77.98345377335167,93.3928853558138,61.34633122029123,2
1.0,21.423096115373642,13.0,119.73121065359373,6.889166526097573,5.416681321677963,5.724049148964629,6.966820227261085,6.971253868667289,4.714230736326655,60.957187255685334,68.9917425266018,70.05700931754959,84.65883133694904,44.18776531054901,2
0.0,32.67380383279331,15.014964612362272,111.01496461236228,6.64431503105621,6.732999559745089,6.809096028738297,8.269618670559787,6.96824414585723,6.00662159970239,82.09920027099594,79.61110959608341,79.80013388622203,83.23023778211086,52.65465398123155,2
1.0,21.804757012201957,13.0,109.19524298779804,9.857687278741295,5.2893415600135585,6.273428664792743,5.913774592501563,6.309299585235506,7.49103719895693,47.70449027688586,71.34360555121114,75.97906322874907,88.29722549725588,25.469501129885654,2
0.0,27.55509576947699,16.0,104.10605346424688,8.935436148136914,4.669540304119142,5.392674176099707,4.868052886111004,5.799603313067093,5.464783602318457,65.97415340187237,74.35611940590358,70.33840826143506,91.32858018634602,53.28295510361377,2
0.0,22.913145515907324,15.876910550236577,124.38455275118288,9.15934875926277,7.650700921747659,7.667195733914569,8.786224447788781,9.67878082714444,6.631315581949997,53.25744216290632,75.93504263131376,73.86500585246954,91.44305739031866,33.92026525741569,2
0.0,38.1669321674153,13.98635168335783,110.09726386572582,7.711872851435478,7.246177560709917,7.2940942571343665,8.640239698897462,7.513861176554585,6.143606660700304,63.93791516376472,73.24587690779916,72.97205063387415,73.98407718516098,52.19999326523642,2
1.0,22.936416887721503,14.936416887721503,100.22736147953584,10.131131820401922,9.458220383390515,12.495031877314329,15.42721858002884,15.646056609896684,11.313908184110876,46.42332026886044,70.42467920493546,70.25297056156967,86.55929214222998,65.90735625085767,2
1.0,26.645778641185903,17.645778641185903,137.40600388533656,6.169152151683831,7.164997180629624,7.060002389807341,7.8200728803437185,7.812042367519528,6.649020682965961,44.257669,96.120313,82.350788,97.891209,62.123509,2
0.0,28.08152737200585,17.880917168705828,100.82137575305875,16.299414241837695,8.876176942034123,8.913610328935299,10.188162755838434,9.15590451613058,7.7880246316910435,39.25598386525266,56.196181784918586,62.86811524318488,74.14191625637159,59.439432085504606,2
0.0,26.907857154005175,15.861785731007762,98.04607142299741,9.507202952451724,4.486250865560587,4.885018772555292,4.735836950722605,5.664747507111054,5.21427430528973,61.56294351019406,71.26641792479045,67.8135004977252,89.30687403388265,47.029460671038095,2
0.0,26.57432195110224,15.744593170661346,99.53244097603192,8.96746441601453,5.015273166208219,5.549900117102407,5.836045646526669,6.609869809661433,5.563404210509847,61.35914510362071,69.44875126703812,66.57817242374261,89.74208745461965,48.17375332069393,2
0.0,22.093536274989912,14.220952201532667,105.37015870025544,7.410237398237946,9.10257626549131,9.611461595481448,9.481916983552878,9.320041129301273,7.794803819181341,78.50250061552987,75.45745310482496,77.43790460135618,77.74512119746328,54.48119153705017,2
0.0,28.20823449856229,15.953630150413398,121.79906398512472,9.361232447946222,7.604383212122166,7.383578873027814,6.531980317866493,6.17484545046858,7.344580556193136,99.87255157403987,68.5907923294665,76.33121947189386,82.60068391071718,57.00797900591217,2
1.0,24.928318562587727,15.784955687763176,116.14690299859639,5.513001157573266,8.098772193107,9.091766634011956,13.343940433527724,12.799534261594783,8.328679178346626,58.889016161081436,93.06070571382376,92.08671287562447,98.01981453165693,21.900648517374897,2
0.0,25.286099171293188,13.859079258413429,110.43089511009612,20.57033370414091,7.360437321857135,5.187578713362879,7.5213832107647915,7.9476244368339675,5.9051296362749435,45.030171552013485,73.57392941611519,75.33423049413229,93.0525755253266,61.40087872257891,2
0.0,28.044962679987556,17.93330963808734,101.50017771434496,16.652390174822905,9.032278671490094,9.04529096047805,10.422284189854265,9.336736497763434,7.88992228410214,38.61037944270332,55.44370353095193,63.126986380342046,73.05180320057937,59.57684322122664,2
0.0,21.96361997708925,13.0,109.72760045821494,10.142472392852124,5.304113507157351,6.483895091539226,5.746620542376046,6.243518607863697,8.040470273385768,44.97629979999131,70.11122919263279,75.3312644797917,90.09981522372463,26.28616203294443,2
0.0,21.9686676884701,13.44097163359792,117.35417019841248,6.643761250127552,13.091025691089092,13.116620045746318,15.862114089118785,14.190617559680266,17.592723587833866,46.51026920763423,95.82099773491107,90.72334911516343,97.80507383555587,34.56008072489845,2
1.0,20.47224446034793,13.129177578456334,118.9388577555129,8.370972276676053,6.875409038876162,7.163658480330139,9.005587244699043,8.408645626517057,4.772667638273183,75.26363387775768,69.56660784536246,67.3386047562916,86.6597402650503,45.32780751672121,2
1.0,22.0,13.0,111.4596090855923,7.036763045375041,4.930325144186915,5.571343011729432,6.528957612405397,6.496620064834599,6.26761628410369,60.90332133792778,83.54843580178671,79.01270142523516,93.63809165527697,36.62723958148585,2
0.0,27.353307307711802,16.0,104.53067658421344,12.182701608317064,9.907770316293394,10.28934614347384,13.233425195715862,15.104660487456327,9.850762413275767,59.90900767955846,78.83576849788983,74.35054309146847,87.60963526314663,12.397254285469963,2
0.0,26.552473530337984,13.316922005156277,106.58461002578139,20.776071868381415,10.002968720581336,8.198205415343669,9.276809829587997,8.999531850386964,9.1604733217895,60.23585360512717,72.36087195355607,75.02371255846879,83.88942686595641,49.12683479627685,2
0.0,19.85237750994029,12.169492746686092,108.05086944034966,3.4210836367864887,7.749811432377299,8.452196198190018,7.09371715290557,6.921928595284985,6.056756438401086,82.127405392463,76.94907455528367,80.85253260349289,78.39093414918617,56.70198951208458,2
1.0,22.55680126245835,13.0,112.10239116279155,9.764976000564019,7.591353449090797,9.715016571196127,11.25501214688731,10.288849097956177,7.1396620564685,94.73024075999164,85.63204864991881,83.26599031447526,96.81420535362835,63.37366694114955,2
1.0,27.87230954832156,15.808464322482344,99.89383316174907,10.112186840060982,6.758424982009025,7.917633261397741,7.005470724620629,7.528056967740313,7.723077097421189,69.52861541502183,80.14168425694402,82.450567011961,90.32717540173937,39.42469201554878,2
0.0,22.878597825488004,13.91191060997508,117.48014898337486,17.811164930361752,7.549686978564592,7.782894703678471,9.861013833860627,8.420009263624406,8.082464416377592,73.52966127348276,84.9170600475594,84.61239231829552,93.74885024416135,61.41982435971926,2
0.0,29.931943828286677,14.710183510268095,122.42993882991064,13.009194000433995,10.114825226789778,12.516949726694193,12.815264104248705,12.312701189759904,10.611136147629677,41.788532986293845,82.88309863489734,90.88572726745618,84.84691496342161,47.27719631694813,2
1.0,25.708470518687694,15.708470518687694,112.02823506229231,8.04526165631553,15.372435905250503,15.533173209596221,21.24754468618626,20.387204454355135,8.027512196941627,71.35886876069961,97.58859327498301,96.52151678813914,99.81390312669294,78.81220624910596,2
0.0,24.69004336019502,14.84502168009751,97.61500722669916,7.690552438849502,7.095207723041936,8.35574258588203,8.477733907992587,9.29170414890156,7.405430096919836,62.75688946063699,65.33217183446385,61.856677747855905,87.3085599603728,49.15658023385524,2
1.0,22.009946149895736,13.0,108.94032310062558,10.371058101800493,5.212187847642174,6.432451395241272,5.681257414977386,6.17012017240171,8.091231849746649,44.431581971146294,69.58735179760677,74.78980599760303,90.10687244198061,25.317178739291272,2
0.0,32.876830420433436,17.29957992381738,116.19831969526952,38.7932921703362,19.376184917709338,19.37047859463442,26.779368595349244,24.696100852717528,15.18116720242007,63.63053696140749,74.30799792219541,71.2034927013579,88.00466772074638,62.14428251451126,2
0.0,26.036659304727472,16.0,106.67006625745273,11.479182231192961,4.6666841962877825,4.877057981459275,5.630091648466575,6.573730711116433,5.322791394041372,60.07649801521521,66.00691229685752,72.76293236675693,80.18721175128108,42.530405057770665,2
0.0,26.264238431567733,15.632119215783867,99.47152313686453,9.050844409307741,4.4383150271126,4.803073850322076,4.827991053211475,5.638713065427056,4.976959064339766,60.655598544822645,71.91862616037908,68.91266639774338,88.63869995609987,43.56771860203766,2
1.0,26.33308244021216,13.777694146737387,113.29540423186546,3.775328913312237,5.458547854159157,5.696246416346122,8.140116716141463,7.424200254548195,4.932596146761943,69.7095434156954,86.4171986572421,84.12221034250452,94.7330797239499,73.87991815051885,2
0.0,41.814908575084225,12.0,77.9497718344112,31.879303216621416,15.986004467777438,17.54809427073813,17.023926460600556,17.608787772351768,16.826633028154824,70.13887431153137,75.29421435480063,72.53519194762673,88.67050415439152,55.76083131747262,4
0.0,20.89076473435843,13.006952130531191,120.71496264822117,14.496520514280265,11.413405269648559,15.826417068746196,13.822278318637316,14.32482564863921,12.875215452289986,51.66201507692287,72.72473931182338,81.44129861066472,93.72194167854346,57.53506972541481,4
1.0,28.639714933508355,13.438709677419356,104.23199074536558,9.821978349677844,7.281433416227005,8.201386607885217,9.328878714004874,9.797517903072718,7.228377223746584,95.90581876618994,95.45550620036013,96.25037757594474,98.01989067948836,96.29163095935681,4
1.0,25.579599999459454,14.0,111.0870550157439,10.36345610864298,9.743689556941169,10.274336731671031,12.399053602388436,12.071055540631177,9.115448567830457,75.49248399856938,87.76851573166401,87.08069940999862,91.26922517020004,85.72224082237767,4
0.0,30.048351951766143,16.0,108.88946094764634,11.184608730551098,21.591264958844953,21.727027464575972,27.920848366215687,27.50722874552144,24.971013848840766,46.208459229104406,71.31443650130616,74.61315482379511,86.14356965162037,55.45196433977679,4
1.0,24.31851904067051,16.573124627301983,135.8424233879937,5.447143504606829,5.913028013125247,6.520812638972726,9.131405763875673,8.296130074393913,5.233612894176425,42.6047337738519,76.21273613824644,77.34690824059122,83.54487228103042,51.76711884156476,4
1.0,28.4315051436861,12.675230342807255,106.05138205684354,8.69083839995437,7.4949437071478755,7.539665299485517,8.21404040536518,8.212305120845723,8.254369094903932,29.139786739463965,72.53852774113523,74.67464427229493,94.84431861574079,63.96359391968342,4
1.0,21.22836118434992,13.0,110.60036792738764,16.16316036587969,8.183207230419729,8.577420805890275,9.039805339961088,8.238272495636666,5.667631929885261,42.94822385355316,75.40710907115175,76.56255827744677,88.60247490618762,67.00349341587082,4
0.0,36.58476452856195,12.0,85.47515895170943,16.096334616839084,10.400129996943964,11.333459193007805,11.065355042672284,12.189322186843114,10.819305164621225,48.37688459185716,70.24378515308186,64.83582755567427,89.69292313667076,43.55521781724869,4
1.0,19.930808146577796,12.518790621743365,97.03023445641585,24.086733543486368,21.975530791811508,19.51440188670552,23.749358931683723,24.533095980991817,17.82784424032583,53.99446997896835,52.058991737220275,48.21874513924405,61.36293468905338,63.609643461819545,4
0.0,31.321125707281507,13.703018958895179,101.95132230121803,9.516858352757506,5.891102937844912,5.642468754590758,7.386125759434733,6.108862901015252,5.3138922130563,84.66735998679756,66.37399482259298,61.47247210760626,86.16422303511445,66.59034562939334,4
1.0,22.133637783500347,13.159527825559948,96.181703240448,9.579410110343265,5.965982260755233,6.287729522948639,6.493337701076813,7.865077412256446,6.523466604350942,87.51242538949053,67.99031383129038,56.22141559864408,90.1703108955366,77.76275960061875,4
1.0,44.00992862842717,16.02821791727904,119.53614042830175,4.270745647529109,3.504380556074335,3.9951810598088953,4.092616381680165,4.040402266132542,4.372371856407116,57.30990249935081,75.94692182288905,47.85523884855617,86.21050716758495,55.15938973072994,4
1.0,33.4806460890494,13.422234942297186,119.43670942413166,5.091230363123758,4.3769789075687076,4.643709937561409,5.975779981291355,4.944862194605411,3.86612345208421,41.38586354792132,86.76444110194909,73.55567456040194,90.12434346908574,54.6242464360657,4
1.0,35.74108852087318,13.831814939288634,110.7553468874761,7.456473641477968,8.878448827828404,9.55636610141008,11.659104415717307,11.582111748416038,10.952880443015577,77.60148728534782,95.39659060862364,97.77048502538088,98.13443420811703,77.60278152476057,4
1.0,25.40462251010079,13.988994023569543,112.0,18.41616444265147,13.229928955704038,16.15400277061702,15.861258462223114,14.65532441938192,11.753730041475478,80.6290059496369,71.40343301991058,73.25401173577323,83.74261516536528,76.6678950587289,4
1.0,29.539536027467538,16.60175661963354,119.82283605523601,10.015626626728322,11.599890384927235,14.623328362932222,12.135199147308604,10.302992538883725,7.914998869501032,64.51189205185187,71.44557850909096,78.32185956155084,89.7224908928155,73.15451342338179,4
0.0,29.8965842499443,12.284840494377468,95.98165038192683,9.556992755973088,7.399383341559625,7.91592158565566,7.9501477388025465,8.751909822206635,6.768205655322661,37.74724615196344,69.80082913594836,65.2311130075566,89.83303319378916,44.85212661573323,4
1.0,44.043825882322196,15.889339157936401,119.03688694735453,4.348121531482507,3.621553176699997,4.099584172029538,4.157276489405708,4.1143889483975835,4.5216344974325855,57.67469705265486,75.3285104728017,47.80264427024738,85.36009840196884,54.93264872457073,4
0.0,27.56888263952388,16.0,108.04782166989949,11.032485965983318,22.480285161371853,21.815599562231785,26.282322127709737,25.64140906701146,22.180772599847586,44.19889025520094,68.57489240417519,71.00575489039903,85.68358214069485,62.40146805992896,4
1.0,20.852313733414793,12.502679023228861,99.94641953542276,12.799177869483035,5.774815513939115,6.045442000020904,6.0041189678401405,6.936601890178495,6.041942870183399,73.32105262207271,61.75693305469515,45.19579638596131,85.64474912158155,59.41440366845049,4
1.0,20.845563746250033,12.89704249750002,130.74260624375006,8.484305285879017,9.65820725407295,10.594657188844634,10.728278724300672,10.958541360304379,10.480425641407784,81.59769506314296,97.874121632022,95.03691302106112,98.25155195694596,87.26683117987791,4
1.0,33.09894950068744,14.835939392709834,119.96616160591529,7.923621626638493,9.098155301562311,9.53159985709314,11.389513750073863,10.807654245129864,9.433603321905549,20.007416552493538,59.10389043712208,50.92406678921398,82.42864859415906,61.00661413207764,4
1.0,32.45867057016673,14.856776415509227,112.72479765789996,8.66899555005098,10.063414181221644,10.451828099903322,12.020963422471908,11.576586126037817,10.961423263974083,65.49853415354454,88.984546667431,92.62474934978512,97.51045771590876,45.663369242022355,4
1.0,21.106461335306623,13.0,94.27036159467339,18.3385807901426,6.867575331810452,7.182190984308324,8.604866017062921,7.977887958774755,10.053229014710638,46.84307041110983,75.4244035045572,74.76572036757518,95.11687406499762,54.08808599703554,4
1.0,33.275525639543886,13.375142894824496,120.0,5.042083030248483,4.699571328689806,4.963402163389005,6.170479988422809,5.211715295544802,4.298627871576716,42.57215496965554,83.14485711857876,74.6202290072449,85.8399485891482,53.40511537981189,4
1.0,31.394466554298226,14.531641719167311,112.34179140416344,7.307610070486573,8.183654814591689,8.071453405611287,10.087689004588379,11.069758111883951,6.902455386922181,51.889733924396936,56.82328320749057,61.94914770019476,73.90115033799889,61.48479343104677,4
0.0,21.117379285375286,14.0,80.48788456023958,4.653885213839306,5.224320365011167,5.56493579858498,7.446548110912535,6.520946662306018,5.966876028476836,31.206557433597688,78.27548150896024,73.62732392836017,88.05037478881512,63.04605346147012,4
1.0,27.311731421889924,12.348247261593965,97.8850603843045,5.826332438878468,6.117415490769029,6.460374327929448,6.9909605347613475,6.783727076233751,6.659627029469072,11.663074744024883,69.93435015897607,72.48695166551562,95.56954399332122,50.87021981474863,4
1.0,22.311457810376485,13.0,108.70494883184115,12.359385939459615,7.638745929030749,7.914010042192867,8.64034955641286,7.931479690057356,5.675794146058998,38.37729073304769,71.11029822959813,70.47104062166605,88.41823610848816,69.22787765880217,4
1.0,20.61143997298581,13.238380384671283,105.5172511525605,15.663678771209817,8.82897428290297,9.391797066035087,10.267331029474631,9.408159023929928,6.772660589387215,41.59569546168801,73.61298775152032,74.12704418103773,85.67871856732914,70.45075679570871,4
0.0,20.367239161513695,13.237637543992399,99.05906140019,13.53689009118893,11.516164133185411,11.87714350240876,15.321126082696376,14.852414312375139,12.310563214646233,61.093257162204196,72.97883713044017,34.05343411632803,89.27801353913254,56.32253195408827,4
0.0,21.815350954164423,14.81535095416442,94.40453352357144,5.255342395781117,4.809546732975217,5.131894240511654,6.867460469987479,5.9233935676923,5.083618931059953,38.10134425289478,76.69830435572261,71.70157555673156,88.52413669722868,61.723311187037986,4
0.0,23.528867469122986,13.367783132719254,95.17320481473791,3.5151555214640346,5.878447531235559,5.996004778535214,7.561514223690057,6.914808150880848,5.77413830134136,28.37318757922035,66.9889814355583,62.0451635786236,87.96639747330403,70.31385037027323,4
1.0,32.055368404758205,13.793616821042848,112.52922332237432,10.340974497859914,8.511245953821035,8.43456521329178,10.46727534050613,10.324178896157251,10.340346349237388,72.82349885050333,87.05909356751673,86.42719918449129,95.08347352764163,88.40353950484938,4
0.0,32.17593773691651,14.73294057847821,102.60235652913073,7.508827173972079,7.008337748913043,7.076457851996828,9.169003915237019,7.65004680005109,7.738375373285551,88.65983080390347,80.43657701640815,79.52458583332557,90.03166840655004,77.3530137461855,4
1.0,28.914472495422967,15.856901263700966,104.24788605738345,9.580778881867671,9.236937424383695,9.912502347680132,11.226047412265814,10.693123412837464,9.209163234443745,32.99948707856638,68.39143112160785,66.4812981112422,83.47113721113453,74.19688989067001,4
1.0,23.729130689836776,16.638840919782368,131.01362505880303,8.049586015770645,4.231958427104494,4.485860649039005,5.745156701759875,4.790682245089503,3.125900879576844,56.714284226166264,72.90808857352413,67.74188698040655,89.87117909290897,59.80349232891647,4
1.0,30.053275497864792,14.670604991178475,108.71786488532018,11.19742378926874,11.672269876702302,12.442450540077289,14.514398793247496,14.458340828531917,12.287988380127256,60.919112601658426,85.78796738081296,90.32383720878097,94.88622858511813,44.278643726258665,4
0.0,37.84813737833343,16.075319610169586,112.41425785593272,7.117855648736088,7.5226290058743475,7.888505998411001,7.913295323141618,8.367026829181148,7.705053233220785,32.797465392509025,70.6807815903781,67.79148647647581,91.35364066362716,55.14158332475212,4
1.0,27.481118543280445,12.268345985930113,98.82918532320248,6.062802969383357,6.308688261294622,6.656284084787297,7.079691562452663,6.950216011745661,6.82301190432893,11.204950668732646,69.56798136570148,72.5201065009949,95.5989350469632,51.114779107899146,4
0.0,35.91607590995688,15.895563024533928,110.0,11.021234471263998,22.676807567280793,20.869732554106637,28.007624587584917,25.949478883791144,16.287812158804762,79.05647425076933,85.06303489658129,85.52089256441351,86.45453121981821,74.56075653799255,4
1.0,26.651718388903333,14.0,111.95446471594121,10.936773499181376,9.391807116898244,9.59171149338869,11.641466470851164,11.332682227881035,9.37469564197693,73.0665630323021,85.68768868364396,84.5801367981377,91.83527349396884,86.26975676441981,4
0.0,23.37480590328825,14.71025744736913,101.32243563815771,10.243252186822794,10.66707143030536,11.450233442943832,14.316095386474045,11.890579859217429,8.646745803282887,57.50398580180058,63.71627218546111,79.33635173558106,81.56203542096699,58.32231310913695,4
0.0,27.935543980397792,12.066351315711424,101.98341217107215,6.939883158511036,7.042045442992658,7.415496524868393,7.547554901428808,7.616622975326133,7.402949246611967,10.837494571001994,68.22440710617518,72.79560227112106,95.35158232659292,52.09246783744043,4
0.0,37.18224624284451,14.927441650204315,113.41953320163452,6.525252805363278,5.480411812586899,5.9801643454116,5.677640084058477,6.255974209785789,5.261416813710305,48.04744399686834,71.03670742447534,68.28903756551692,92.99864096207304,48.90817412515949,4
0.0,26.487179151134228,12.905983100791751,101.77350422480207,7.988942200664487,8.193253878211035,8.696817869937904,9.697056981627002,8.973913994401766,7.797944783953371,25.657487182079933,66.79274759090758,74.87276419561209,90.97240193694716,54.07089515133646,4
1.0,24.8710367424567,14.93551837122835,107.7737795452598,7.291718092599168,9.068712382738255,9.905954050225485,10.882873988180899,11.069831966528533,11.624016665506584,89.26181158416678,95.18633289571378,92.97413188712349,96.82087352718868,92.30453822395499,4
0.0,31.792550081916275,16.0,110.34873285800998,11.414816922014738,19.462754120983547,21.167807678089382,27.580149309219816,27.054408683388864,25.38914486272938,51.82009974918368,74.05087204683305,79.30607693962192,86.81094228061238,51.78761726720943,4
1.0,21.690937738102466,13.303121072199792,114.41749428554081,5.297167551147329,7.830815190207749,8.820852290283943,9.215549765308399,10.004201999171485,9.129024290961839,91.41971656319302,97.32845183591363,93.23048135149588,98.53563982901508,94.85540090505341,4
0.0,22.160206038901613,15.160206038901613,100.49697335392848,5.556742636145659,4.654668865868897,4.9636208224938025,6.637363271605063,5.689563427969299,4.734791000794894,41.24004303653372,76.04665837088797,70.91820688450356,88.75604082130343,61.314804704938815,4
0.0,32.3880327340921,16.0,109.68364994368368,11.328155055991061,20.75236629908671,21.643448920686595,29.46699710564184,29.26785648289303,27.60394574119752,48.104731905594385,73.89952946645981,78.01717529569926,86.57762379946101,48.89426256848982,4
1.0,63.71716052207701,6.650251329751919,96.77587965413171,4.101800516047727,7.76582633486317,6.907948546826519,9.86904268827785,9.538967941540331,6.835375298510858,93.9435765675183,69.45836241538964,68.50611566182717,89.63379464124512,73.30449753576544,4
1.0,23.046398106301552,14.023199053150776,118.72161136219069,7.963160782189114,9.466338242542065,10.375496825447593,10.952281721368044,11.176492434430738,11.26094216291701,85.20216274296625,96.40294811146227,93.97771750103648,97.45352713633193,89.61413987790748,4
0.0,20.275081790422746,15.546105915037643,103.29789718139116,10.041871956594385,23.582473757359544,20.486485163623286,18.88877424331969,17.755214661783004,11.523962375858135,36.73672052875815,59.62472795645412,58.199218222182225,84.73156408715455,81.74062840999531,4
1.0,21.301225526885748,13.0,110.47285532794994,15.907264893513137,8.146579090502566,8.53279044885063,9.012932314654794,8.217633288075595,5.668181035570611,42.64071847628805,75.11804502141948,76.15275695559966,88.590080408281,67.15313684704172,4
0.0,21.24532129323804,14.367981939857057,87.1143175039031,4.666946407744569,5.297768002461954,5.688674248077104,7.6828659343090155,6.763616202808737,5.855246646891333,32.18245592742983,77.8041441533971,74.04855237269881,87.32213576569187,61.30153570547307,4
1.0,25.694792000550027,13.773824883145467,97.83354836403653,21.89169873013789,16.94579867593809,18.884203828178542,23.228755666686393,25.56627861552368,17.65521534506489,44.7306814570419,72.36241482500076,78.37661439993562,78.38512452662914,56.35869760284955,4
1.0,26.398669496559585,13.659984046034179,112.97995213810253,13.878819106726915,8.472232508280655,8.231970451876398,9.606402079421875,9.15333654355435,8.517137116570282,59.377875038514134,79.26160168396657,78.39889877639017,91.63026564744028,80.41159912532567,4
0.0,23.468816535201256,16.0,110.72055540140852,11.358333234708867,16.905518859746905,19.633125571341058,16.573889321717758,14.282254065685782,10.327184116026086,60.55106431494461,67.83773502309457,75.14189458320367,86.53422931941499,79.63138719829634,4
1.0,32.658329653292206,13.750338520059053,112.22080324639785,9.932522688121542,8.500604150414523,8.529480797728366,10.595686347559008,10.47783292985352,10.41464081318415,73.97218050909557,88.37567364101419,88.05108917590175,95.48469828394968,88.58023683610215,4
1.0,34.92139492570085,16.470349421643995,125.58489190301592,5.612160856736438,3.6157760718247647,3.9849093120268853,4.62708343460665,4.155839582132123,3.650557348133953,57.848622364358924,74.37792893487679,56.27990595366345,88.0445286985354,57.087698522911744,4
0.0,22.516295418199096,14.0,101.9862835638869,7.909876983026514,9.28080847420147,10.37206622763176,12.57476075324509,12.064850473970155,7.866898865427919,69.07985865780782,89.25954896570718,88.3705994972183,89.44014822978613,79.15287836944725,4
1.0,31.737450194787364,14.906897232194101,113.0931027678059,9.159665041796316,10.073793499862031,10.335352548591102,11.86515528764823,11.391063474443472,10.871696374865936,64.13675657842654,87.40817056245957,90.67466263539409,97.02728773205892,45.51659885299199,4
1.0,22.64454787274677,13.04509244167209,110.89721575795333,15.940010852198494,8.31095024489183,8.768238262238318,9.370328159726748,8.640220261037456,6.208991380212313,47.85182686774543,78.52730925819338,80.0975807323214,89.64166033803805,68.93123091753037,4
1.0,18.298745828510008,11.19916388567334,126.49790971418335,4.659983126057257,5.4681128027839785,5.524499618808926,5.750512916806126,5.391576867994431,4.324058718849018,97.24070574537016,99.63364597154758,93.94253347665794,99.71069695079953,98.31700041681917,4
1.0,30.72075416538837,14.100695628180196,114.49652185909902,7.317387949993677,8.32960447641587,8.324635383255792,10.074035339587633,10.67568161371124,7.564394472274966,53.128930469980055,57.219575343165744,63.92497447667446,70.11761330824316,57.16859439174564,4
0.0,35.057635064478276,13.629003818201529,103.41785351350535,13.06719453109103,7.117424441019541,7.569764767714548,9.540113166738816,8.658224825461023,5.841235323643509,92.19221011505006,86.68785341164092,90.61429041817246,93.692884646737,84.89342260924468,4
0.0,26.599090097648745,13.634717632201946,107.0,5.2763157743638995,6.615188705001336,7.144933436813922,8.341217373655974,8.14035932884207,7.270838375553287,92.51286374102499,88.60911396168312,85.41876379234355,94.45210063281378,87.4931577844534,4
1.0,30.879570356726845,12.0,102.13440443932862,28.15309492424704,13.154959359486863,14.881246382728216,16.69747709599475,16.856473122314842,14.875659723854234,89.92095863630419,73.91371314696045,69.48613188525944,82.611971417463,70.95172056029246,4
1.0,25.31381370714464,13.290681212705966,86.7491255808062,3.037167253045322,3.861356981453828,4.149622657409347,5.944379834784027,4.819993406060265,4.732505692709535,17.066639064995048,74.25566276057336,72.09589104302118,95.22287710244841,47.98564783501401,4
0.0,34.25040786405543,16.0,112.14535793896277,12.159126782536001,19.361390016724272,20.32150597593899,28.115105484286506,28.331370907767464,26.970899210884795,47.89350157889596,74.068500633729,77.98580436923893,84.62553097639616,46.27242501391856,4
1.0,25.340916462758848,14.100622270711881,124.7421157204204,12.777446610331193,9.780802728389212,13.341745018664687,11.647433469779806,11.97356143471947,10.787714191216361,53.92790640386272,73.20783876129559,80.45661617946547,94.21580741845688,58.540230479082524,4
0.0,24.937651892302835,14.357968353845711,91.8129556769085,6.0804558677732565,6.984638669532861,7.336488739276909,9.07963356359188,8.301729320252624,7.717625984298106,42.5388067132014,81.76483576774761,80.12314865009299,91.35771889126752,54.996823875715734,4
0.0,40.46464646848798,17.495160210029706,133.96128168023765,6.454076074838012,4.111173322841449,4.562230357038341,4.094469554782614,3.9098976924197775,3.5546975102567893,59.23558733296799,74.39575233731722,75.37850251785153,95.35893750482337,60.04050553064278,4
1.0,25.492967577988573,13.206172882302589,87.74768813960843,3.287272518030597,4.063658413495407,4.3568284413500225,6.038227034880251,4.996081983543544,4.905311231455369,16.582099858344392,73.86816938485067,72.13095756439863,95.25396282481572,48.24430825535234,4
0.0,22.643282344881392,16.0,101.91301230325628,11.787518945812526,13.535829281391262,14.224616371721385,18.742996771901417,15.252147408219708,9.990113384099631,80.13197929144444,63.85059441020195,82.76942020217005,75.96258623180303,62.63442084914854,4
1.0,24.69070598578697,11.959805260959193,116.38918344291052,8.702021738578093,6.027616369064525,6.3348149798665485,7.1534933145290465,6.869565844314181,4.6034757746808435,97.7030556991611,97.48232869977964,96.22733452999124,98.89177026393264,97.45467222983464,4
1.0,19.403385297368366,14.0,88.19313808394922,11.482312698728029,10.526015146167365,11.550217642383657,13.922934814852098,12.947607472929825,10.291987782468604,34.62876834841174,65.24191905555536,62.52596951507484,76.33922234206466,82.97635710668573,4
1.0,27.811772342928258,15.740101919239905,95.66773065707874,7.433006186390037,8.50758687690943,9.271002539441056,10.742332698516384,10.864987517188844,11.448871949157144,94.15984778654807,93.77519195686335,92.62939221129889,96.21294123262626,95.31022982119609,4
0.0,25.186037992295788,12.663501769108056,103.93353715126918,13.479450614249842,7.8751822144355765,8.34023123437757,8.571691064354653,8.514199148414113,6.1845648087259875,41.011329059817584,73.24890885845195,71.91089555498958,89.2020471920291,56.33246888573731,4
0.0,18.620217655561927,16.0,105.03543108692354,10.487035143073982,25.64521904821323,22.120840948567572,20.32535991657792,18.856224893707754,12.065659396328474,37.06800616898947,58.71108253328713,58.048834138507395,84.03341866441036,87.5184966027649,4
1.0,34.74868728015502,14.482424154252495,117.02020128543747,8.310489378106501,9.576383056650567,9.973676554704682,11.677934695774685,11.132505761022605,10.080216748345325,16.263525085613967,56.55717467228749,46.568333419072474,82.39306504647848,62.57976648812423,4
0.0,26.87588021943545,16.0,105.0,8.721645081292866,15.81516691365814,13.94509063013808,14.743682795235115,15.333194219110005,7.999699907453891,42.81822548163209,56.90856997179944,56.44680174627262,85.54052811045807,81.32508201228828,4
1.0,30.686532767697706,13.303541118987763,110.64476992968245,13.49385435140448,8.344981322378604,9.239944025936516,10.46611209980165,10.505265951133298,7.596983385508516,90.98532921232238,95.05661521019991,98.45368685655598,97.61172462518581,91.80809141268945,4
0.0,25.522543336348896,14.044116221492198,93.70096851243498,9.371898341309606,21.5311570268717,22.09442339217838,30.446884878056828,30.842535651268424,22.97494855777161,37.55338700409791,58.62502633708053,54.690108847774084,72.6104761742706,47.647920642532,4
1.0,35.20584552431552,13.77573069053944,114.56988516622391,8.502906311272579,9.886622883868558,10.216855964840866,11.61573068060888,11.148209126962547,10.579668407593024,21.277850660209005,54.23677952441089,46.98169867879588,77.43512365520988,60.55916351816987,4
1.0,30.970509098865502,13.312439916462145,110.04802352990549,13.63391875990093,8.299033140634709,9.191215066821732,10.449577151954909,10.482080906415339,7.501506283324935,91.28835185630562,94.97714341972141,98.55190958389744,97.59556101696012,91.9608699689169,4
0.0,27.010009807598024,12.0,106.01776916256719,21.898273848654327,7.208152380403849,9.460727746444295,7.734440706030269,9.39192339024871,7.091225111710088,43.26779350231054,66.23888570571954,74.19726094098868,91.60721381617368,46.18776107171821,4
1.0,26.51823046905719,13.674600301840732,113.0238009055222,13.810468013479545,8.476091082883539,8.221222271239004,9.61708494001207,9.172169369917256,8.580281446395428,59.72038894226479,79.32690135610547,78.41112354965416,91.69645996598084,80.71892655642789,4
1.0,25.09361536648754,12.746491405118023,108.50701718976396,6.433504060948769,5.545251392417451,6.374435677168116,7.480165668803928,7.818041625666247,7.093162401236713,71.75521555568555,74.85779553936844,70.94753321782349,92.90099745908189,48.049609936447176,4
1.0,27.560989602141035,14.751835504763926,121.70073420190558,12.041179026486365,10.158190981145228,13.14034105677818,11.852387701389247,12.179828885598894,11.177819281625581,44.73516501384534,72.55832003047112,77.94983662589338,93.09137541870635,59.80460994159309,4
1.0,25.6430106944476,15.24611705247089,99.67407427468049,6.161968648457719,8.057726409018557,8.690408600734147,9.952222153019399,10.009538999500062,10.774227126947098,94.76406212413319,94.68250511289716,92.10637357071963,96.65552563390399,96.07232777489105,4
1.0,27.675650829753337,14.657612892300344,104.44032230750858,9.751600095268062,10.330487071238547,10.909023217886482,12.704475763681032,12.042637935734913,10.738723907307255,53.668537532216604,80.1786564518557,81.74930257971884,90.16123955433558,55.499341301439216,4
1.0,22.346621950774857,15.273234413341886,120.9126408933932,11.125807398463875,8.000331569532484,8.292065773820145,10.752782252955749,10.063260412942682,7.80907244999314,63.419221322104036,72.03874543159625,47.313603380485524,89.85971019534395,57.06441281399757,4
0.0,27.403644101986163,12.37469907131237,101.90632523217191,7.325141323922137,7.464817119263231,7.886051079824849,8.336941575285215,8.115076758122424,7.54800805640912,16.28001299496958,67.69864211470899,73.55842262739816,93.74336492878471,52.81902873318009,4
1.0,56.79384529970742,8.10304690581767,101.66375828872357,3.9954386966297935,6.785866324230133,6.229710514809431,8.717538067039207,8.1838843537403,5.993138145786768,77.82374115574497,75.72967572052835,71.28449344487203,89.78425771137132,67.8680601076626,4
0.0,22.46959526463655,14.0,101.30913133722996,7.806172824069609,9.154376751510279,10.222928399926847,12.415737833985363,11.892727858085134,7.806578215127549,67.89720036206224,88.92012905065407,87.91425657114117,89.39504919098849,78.6458146400866,4
1.0,23.219948216895418,14.063637989816105,104.072124279451,4.436452201825372,7.315759757816345,8.248117546326318,8.988965824667693,9.796953883630005,9.257890915002086,95.69121658386318,96.31099860505353,92.24890797429477,98.06313992611094,97.79175207864962,4
1.0,22.13494722623777,13.507837482343737,106.67612665702934,3.8417661968486896,6.945771381999314,7.929516119428022,8.468596094545314,9.467316694655532,8.457137832876338,96.17706722446799,97.04126763582397,92.3768519421137,98.6315916921345,98.46573342802672,4
1.0,25.429343938440578,14.0,110.9654886233338,10.283106388253795,9.793005443976728,10.370005811192723,12.505228498168766,12.174537643566508,9.07911541229889,75.8324738096979,88.06014105865724,87.43115015507368,91.18989420049253,85.64550714295729,4
1.0,34.816128042861024,13.715209790933459,120.97158100340599,6.118962529782735,4.781017197620797,4.922622991788901,6.285807703214012,5.644753594615954,4.570602153061412,40.252723788540294,85.20074070383617,74.66079186780767,87.743814843441,53.72437388505591,4
0.0,26.579639425320288,16.0,104.31975236602463,11.610447859174469,16.436553276873937,16.349713829202205,21.708787519812162,18.61747438856156,11.931881963363637,79.7715854771475,70.00171579297798,83.40834230011329,78.93426974904968,65.99032250057346,4
1.0,22.043089626256254,13.348691410586014,103.51179216020802,5.6416734071971435,6.598672418138802,7.373295857606846,7.787849082756182,8.92291790116651,7.766171504635654,93.42421885361979,87.73573697825864,80.729821436702,95.95127520789919,91.84714817594912,4
0.0,24.581804057574175,14.010548372420768,101.49736290689481,9.36901642658275,9.707709238934367,10.382441359555273,12.524802895097999,10.75947827365481,8.317575365773255,45.15371094929861,64.90934892799186,77.60534407897534,85.21143544835863,56.67358616685436,4
0.0,26.500249499857333,13.762520244919312,96.92384461494564,4.589093756842066,4.687297959394246,5.002794058089476,6.609066447157044,5.621663196380974,4.871950986741883,34.728019566621825,82.10073221217702,74.40992391579817,88.89213360300742,59.28164931486681,4
0.0,21.687931244552004,14.477553081456591,95.41769463200751,12.385285050404626,8.88151885743736,9.335137285699975,11.418363619986266,10.421832478873553,7.3362035629200335,81.41465294523374,56.35157980386572,58.688382425887866,80.14341024661809,63.65698343779407,4
0.0,36.09062457621179,15.499926024801137,110.0,10.37229929347566,20.38161679817715,18.992590320251033,25.35260745830709,23.63618510097917,15.428178977044434,79.56967034526784,87.12310753096466,87.81130301707947,88.3739309134349,77.02325730114045,4
1.0,24.885670386338926,13.12176294298205,122.83467226218372,10.63272027423298,9.283577429574972,10.235343834960403,10.803876013249837,10.978873216786205,9.547320331057058,84.79540257669856,96.68000726498882,96.44726427307326,97.94190308237575,88.68724195367437,4
1.0,38.41652390387631,12.0,86.10780504787081,32.945827658279995,15.778576005532807,17.504071938020864,17.844397531911973,18.178894170418175,17.02654600021678,81.24750105247531,75.56272735374613,72.57924597974488,86.16484413015772,63.57538870852739,4
1.0,20.927052100705637,12.951368067137093,130.87842016784273,8.606668850836392,9.79227412217167,10.756882683778905,10.887548039037574,11.13666276137952,10.677405647889524,81.09717903082397,97.81782363676533,95.07192894724967,98.20486494267885,86.91326836672897,4
0.0,30.447786177456493,12.354527704092833,94.96338785729965,5.298539790936644,6.7740779242697675,7.125398417408579,7.541521895560075,8.306475227493495,6.671481760545882,32.36317899870544,64.80953541266594,58.48473793524189,89.47568324722755,49.877331719270785,4
1.0,40.7908671112196,16.17711067940705,122.36510290873393,4.4675742855314695,3.912897925310479,4.428817382479846,4.940103412326685,4.7725700657977725,4.541362610245451,55.10602935530807,75.7549131413823,52.41076418090894,85.6644396868397,54.57978757984889,4
1.0,25.888953335610992,13.710295360403158,87.26257379458926,2.8825089062301226,3.7596235457479663,4.039105393395607,5.919123902273871,4.725258442901211,4.638823089333917,18.731335750855976,74.7788264580595,71.99512756989206,94.97070074783632,48.51779951920932,4
1.0,25.14051784014211,13.372426275300498,85.78321419095602,2.7952399726949126,3.665670436159814,3.9491921235515597,5.853601266451543,4.649662602932988,4.565350578958817,17.535334725980192,74.63048581177107,72.0619711327438,95.19280782633584,47.73544513724022,4
1.0,32.671033131341204,13.316224251736516,119.14864390220448,7.7561168474657975,5.5361064087529215,5.320369112862993,6.434777478216331,5.5437548120849165,4.487865858976187,43.48046402825468,84.55660184223083,73.86362973607422,87.35192378400417,56.797560215104916,4
1.0,19.48063480102178,11.902709604493923,118.96698469514655,4.04718826342329,5.688477223761456,6.025479133069748,6.36491369430634,6.473776297915961,5.362247410806701,98.02508601312431,98.83767122827807,93.28801890409171,99.44523112289188,99.2194862895842,4
1.0,21.246805220214476,12.984543383471133,89.20093601487528,18.58709966647538,6.425201780760098,6.708100958705696,8.424874002614333,7.8698220699263,11.372561921178482,47.1775622718488,75.03923923329673,73.77706674283347,97.13432219509272,50.19441752747039,4
1.0,28.737008716792143,14.0,113.64159281293863,12.05188655112735,8.707389186938062,8.263992632320251,10.16794532478897,9.896532318869811,9.878936051967033,68.34810136147496,81.64044114086428,79.71649573001022,92.93624807503636,87.33468551626936,4
0.0,25.351921826608287,12.284552444951943,117.86450118197102,5.871116962101502,5.451148220582443,5.283811629430099,6.475929475169875,5.1690041069630945,4.305728699218509,93.29343499554727,88.23006802968322,84.65435363960412,94.16540293980808,85.60093412299176,4
0.0,42.430737338198156,12.066690361912661,76.13338072382533,34.92065334539893,17.024533310691627,18.703814801194476,18.19574042481377,18.594892936737306,17.96711507083972,74.27348247658048,76.65730461920788,74.49748433289317,88.39127244165148,59.04879095077068,4
1.0,29.464491779162042,13.979580245204936,113.854479908357,12.09605950391389,8.556972938377928,8.026720480782924,9.91550343567565,9.663939709476285,10.021108934695627,67.88770493881573,81.40185349372453,79.44947278579767,93.35944259653868,87.64428509760329,4
1.0,28.11805673280416,13.58796217813056,122.64582980158752,7.079694306636508,8.330241245586368,8.655871313402308,9.978126969203167,9.544199926054981,8.699490489302754,54.32901294238965,60.65151452234216,70.23803600499613,63.71603195120021,46.913491054446354,4
1.0,31.169654124363767,14.705551107930415,113.29444889206958,9.854379440303402,9.738149108022217,9.812855530550475,11.418849052451852,10.991517863146091,10.675069401062741,64.84920131529016,85.93675382499134,88.01237860827682,96.17093628922319,54.85112960576129,4
1.0,35.07451135699037,14.039959034333329,111.15529318580577,7.702706579239113,9.119085716983319,9.738212084549426,11.73258894878721,11.580989632418358,10.954615276742297,75.14367956726986,94.09446451462874,96.72551453586995,98.00772015562526,71.11668402735651,4
1.0,24.5913489814848,16.85113667151686,133.08751016005627,5.811273473056332,6.396293295845228,6.882477669463853,9.69989297925838,9.35399009933451,5.352025844787369,43.63167980492565,71.83247170973422,74.25768253985677,83.26370448821307,55.070507017946596,4
1.0,28.731605839935018,13.950766015468833,95.77534817531344,7.009209669094869,16.19937539717023,16.50891760639454,22.17647082911393,22.622846989431252,14.998832412669417,39.824048791984445,58.18091453835504,43.24972080845206,71.79725760748096,50.561319379314135,4
1.0,45.03512153018511,15.796594293080798,117.57623210604504,6.724487730261577,7.858983192997839,7.913554458817371,8.5342228219694,8.482309087863886,7.859969930673369,43.15469025193499,71.75198247388236,70.9354732826486,91.4626817348131,66.02605980482608,4
0.0,27.926607704981876,12.8863974750833,85.5680126245835,5.691785947694899,6.214577614624092,6.680653425495097,7.451084592183513,7.842901449076246,6.63157823977559,33.24810321539765,72.09641689184659,66.12190179434043,89.27421101265215,47.949016427078966,4
1.0,40.270326438047775,15.808464322482344,126.19081006307437,17.60359828707812,11.765235640117528,10.973507898069531,13.80394088466392,16.475881467750213,14.152875801624313,39.739066669242874,66.19621217635498,65.4540060998308,67.74774304924412,46.335438200795586,4
1.0,23.16749345652546,11.741295076495872,118.57719114004905,7.6796788524451,5.788342797707692,6.014939273512787,6.70115824022407,6.384419696920068,4.375457668706408,98.01554319754278,98.0190877389182,95.67794913419395,99.1171743580054,97.94608541117856,4
1.0,34.61962281627863,14.710183510268095,104.3820797830384,5.980549308246136,11.466096261605264,11.841046087099976,15.415325485665623,15.685030253714514,11.048945835353692,46.45884630287469,64.77823403645945,44.63651385311652,77.17695848368068,52.306007156979284,4
0.0,19.528397684846354,14.0,87.22258804983385,10.828885424467705,10.005553980215952,10.962097526156203,13.287669881583037,12.311200543347573,9.881089776106712,33.85371258957579,66.27419161499508,63.341408144347405,77.35632243574479,80.99294640152809,4
0.0,20.372461779519647,14.0,83.07994218640664,7.223349132155822,7.235320604406946,7.846275311466907,9.917278453771008,8.964456373785453,7.602460560095482,32.03361730926533,73.13682936303037,69.19886238997387,83.4473380194898,70.49447615632019,4
0.0,33.35605449487998,12.01430962210806,89.95026925052132,6.566543505084468,7.006318571901116,7.558847462720601,7.46566957577987,8.886769232980658,7.179613304679684,35.119074477682986,67.28393622225842,60.32402194617411,90.35602570832111,36.328818635957425,4
1.0,19.1758713254769,12.70042007618262,113.22193235044006,36.35441307657469,19.294572728840755,14.718778034549462,14.791033657709491,15.437122126399121,13.771225763388696,75.39126925131168,56.91408678289968,57.02938278132417,61.94423525528171,77.10462939922263,4
1.0,35.44501104290879,13.709066582221645,116.62830756654616,6.668637875647114,7.01136723697746,7.315273881493413,8.67305609458636,7.885618909620917,7.073152148088289,26.233986281016556,70.85247548479418,58.74151517203493,86.3859337027324,59.49602421022003,4
1.0,21.509492287711822,13.139658201217854,109.32991163336885,3.8221970980080537,6.663924513785959,7.526898596659955,8.006899505575635,8.851473004795633,7.774374843664246,96.58552996480388,97.46416209936498,92.5670664250539,98.84693930978437,98.67999127365533,4
1.0,40.570805809320674,15.222305853262613,119.2592313822458,5.039372369660216,4.794513677758497,5.224268582351144,5.515169528396233,5.396763367110595,5.614398028959025,57.35595118581666,71.38155189726326,52.689691569994245,79.61025841970356,52.90379866866389,4
0.0,28.94068375377973,13.211937036018927,94.54476388507098,7.780526812432173,12.694618143141717,12.002013538193719,11.380840682214107,11.946630738007174,8.682545921064346,35.785692596112966,64.61569220278064,59.52039982274664,88.40195536745186,51.77492663607597,4
1.0,37.345735853484825,15.107452251961327,114.83477717581953,7.835478310709213,6.421633716639773,6.871111688205033,8.05398207585166,7.936471738574005,7.305347264272142,61.54938464022469,74.6016075164193,39.47926040718011,87.31660183569016,54.9921715181175,4
1.0,26.954402663417305,15.719747642107711,131.5291592780444,5.230741293191858,5.397987615652365,5.911892610392095,8.146786533022992,7.250728086078043,4.750394321552046,41.962824463603674,79.24941041872178,76.86513772657887,85.34088023142307,52.5480424974446,4
1.0,27.11028581970291,13.835209739025736,109.2935918442645,8.399005643730987,9.954317729932574,11.122955343150696,13.42871483390279,13.18312087095699,9.213306440221961,81.59775628394283,94.2667891010319,95.04869062813063,92.39295847762845,86.00427088612201,4
1.0,29.592231393693627,14.809361155478513,108.23402888696285,9.346876096252144,10.285505547570748,10.761848799108764,12.423949068425445,11.83573843553553,10.837954828068199,58.162114385365214,83.68437699842958,86.25068915723192,93.3798183953654,49.161908935981934,4
0.0,31.837357051092283,12.273191696687373,89.0505669733959,5.845462899786327,6.370323350772091,6.8732615517787,7.159300977028115,8.091581050817974,6.679842005330219,31.992334655477656,68.67439622144015,62.452373667642526,91.23067055726675,38.3650791715652,4
1.0,22.66463840709948,13.77917606144322,105.40486782296125,4.132088449943685,7.126397557808463,8.085055485282144,8.722637573960132,9.628243655448433,8.848060835990605,95.93987776403405,96.68475453713909,92.31439044025178,98.35407684210156,98.13669964842258,4
1.0,34.921385331850274,13.66092581054891,119.91324055255647,4.615967504046566,3.9697426091713863,4.252065125872062,5.377608826744845,4.408284201063411,3.5352576996016865,41.76363259873064,86.3787209038259,73.09732446806522,89.80945352536702,54.69040578621921,4
0.0,22.022684797721876,15.534027196582814,109.6578591339344,5.060548482288119,5.68447991558351,6.1922728698233644,8.542802933647888,7.674225642187388,5.686933844309253,36.942020233696525,76.4261600655359,75.61656530132161,85.25070922783686,56.90450769602023,4
1.0,55.03567079597845,11.480288169066405,106.95147857000961,5.480734491943938,8.072731652612253,7.692696378969611,9.352116681196955,9.229644954929274,7.702883613690181,65.75145857138928,70.63666955689703,70.07690255450832,90.70860877793523,69.83906936169718,4
1.0,26.464093510553642,15.483375393869741,113.6136385682658,10.162230734288727,12.736559906189342,16.090252427311952,13.669267412326906,11.478587609974078,8.629462592872333,60.67454705903274,73.41641167074165,78.30062970479847,87.71112790717781,73.17260200704658,4
1.0,27.445839852653275,14.050108207666705,117.19971144622212,8.816734225656068,10.885295236975715,12.507349120020592,12.031026150249943,10.923587261993108,9.49340355809065,59.634034970642965,62.31315956496711,72.47789001268511,69.779985345931,57.24475607555239,4
1.0,26.91622974184924,14.490165613711483,126.06656308661904,12.144351186522,9.187519880773278,12.436831781625843,10.861805805690956,11.12193110476614,10.031622248754424,54.67788547636897,73.39248542222414,80.08856363106449,94.37636370624163,58.90875788081863,4
0.0,23.5403391922149,12.795792669436102,106.71164605815812,14.84981911031388,8.041409567133876,8.488470067321963,8.788836390843812,8.431151419078777,5.980661272196063,42.151684558099355,74.45354635727573,74.24457609262627,88.98160292735845,60.34329575482637,4
1.0,19.780285416838044,12.109994658182433,107.80010683635132,12.719385584558696,6.045175557798659,6.577005081031476,6.479840761403651,6.9078888094063,6.489242954773579,66.05218621916416,69.98343724790499,52.80999805854773,85.92088319634475,54.30527574881356,4
1.0,32.98081957513242,16.648019372593858,111.17016951019625,8.760765381826996,8.68799045759928,9.216216357618341,10.078242034986458,9.736177652682844,8.740714710813979,32.4900319366598,69.84214158043586,68.28733491752985,86.56329077145881,70.4621166283188,4
1.0,26.145528005551828,12.898354848782532,91.38491019487905,4.198270409875144,4.800532857613415,5.111566780661135,6.380061507849886,5.637477209168313,5.534748126779363,14.817186209682239,72.45674108721813,72.25868589131358,95.36719125903021,49.1864679401783,4
1.0,29.44502907035125,14.09398193984087,113.90601806015913,11.964506507851997,8.718662081678609,8.225821919543913,10.063237495634548,9.777937129925906,10.07783419113488,67.01318255221156,81.46746933621726,79.9259511509004,93.56985250177733,83.20385418813848,4
1.0,53.31457271957072,12.517641832950261,118.17916662682018,5.248024608507823,5.761499160951099,5.581360762981575,6.6495728408687444,6.359776886260168,5.01056405422193,77.56263268596743,72.486222191908,73.40515148534071,93.18871657493472,67.85265819472694,4
0.0,32.99287811396852,12.071884547593484,89.64057726203258,6.532228079718425,6.974413918317371,7.5224504997735036,7.480047857372123,8.842503479695921,7.160553479122257,35.126157031058625,67.60359168450876,60.686111712795935,90.22386833232754,37.167760860571036,4
0.0,37.53886320092403,15.206411891205239,115.65129512964191,6.517519796777773,5.3316506526029155,5.826112654292153,5.50563623947526,6.0010843080277425,5.075989990516046,49.262981825530076,71.40165145826857,69.05927374998991,93.25507580102575,50.11764825666284,4
0.0,27.88227097710447,16.0,105.11619828763182,11.551850943384064,17.39646990087897,17.0529577021951,22.690236236295824,19.73113888014145,12.574458072675958,79.65232283303833,72.03726404948041,83.6197763918142,79.9176685191254,67.10086793293635,4
0.0,22.81075264384963,16.0,106.43270626064142,10.740560639244642,24.186325107709507,21.98557043162512,23.13797151782701,22.060879743658337,16.826267699766433,40.34250438831585,63.31767591890919,64.08311311994584,84.80086084119594,75.73764525826766,4
1.0,35.044341907516575,15.181666521138022,108.27333391544792,7.9142856088131515,8.726723263346374,8.586930909249057,10.926896680134227,12.070150599953097,7.231162276215567,32.72752520648933,54.49460190183936,49.246107616509335,84.97268123299263,71.50033325910725,4
1.0,36.90849925018285,13.98288050487292,113.21350174957334,8.710750293725146,10.039659964456362,10.385027717713792,11.871550549253628,11.35867058158443,10.733747882496363,12.041759632377289,54.12748784953559,41.69036528614459,82.58231711978026,64.41878437232731,4
1.0,39.21889048621496,17.813259056253926,122.92530362250157,7.628564964026027,7.88832542942022,8.320311523516132,8.33147019077843,8.3353140073179,8.126296986185809,32.37344040614502,72.33495673130028,71.75182667644663,91.91912878802886,63.83380580790242,4
0.0,24.509096733850832,13.177399439340341,93.01579046878581,12.046473249250296,5.548159328594242,5.440426393088595,5.902399620962067,6.754918672324727,5.434684834845196,83.06696050671076,55.132439804232845,42.09326464948825,85.51436545782002,66.06293795223297,4
0.0,36.944654940931585,12.0,84.95733102024232,17.182373362094996,10.784498505511149,11.76109322391722,11.475369127496213,12.562239966361766,11.232674219625421,49.87434458235306,70.59130924264471,65.36562700313813,89.6225696653564,44.395095884993474,4
1.0,29.635302563259422,13.055742676518246,120.0,7.000562359698747,8.107600591919617,8.375761835990364,9.464312541571115,9.006822583279014,8.518596515213316,54.25507162174597,61.93360996945838,69.81085437225632,64.22605927773846,47.223297288201,4
0.0,21.17199242638027,13.522243260054804,82.38878369972598,6.336387550451487,13.27349457359201,13.567141843148836,18.50964081928297,18.34015023309409,12.613965021418046,31.080343312062666,64.71002602133544,58.24628785670011,77.0286204342977,55.851439385041644,4
0.0,32.890124949508376,15.230006446901388,112.30998065929583,9.379887786695688,13.231425865768385,13.05833202103534,15.898132836750278,15.022301672362508,12.239639013931459,67.28356575643038,87.26758892893304,90.2980957999114,94.7838495592149,48.72390655091016,4
1.0,24.333773949930492,14.0,110.07910513748422,9.69724820957766,10.152584987234723,11.067562845775074,13.279387148151633,12.929062190231019,8.814197547965595,78.31145955540315,90.18648427554145,89.98641026339646,90.61146409270451,85.08601479562114,4
1.0,27.033752386895998,13.165441597705213,110.622890475819,13.203967573595003,8.345508372308702,8.904202924798401,10.02769191302826,9.540356676847486,7.658441953148479,58.36709624409633,84.43703297314548,86.10451929210569,92.31151166931537,75.32796375720496,4
1.0,19.450906904894055,11.208137688823511,123.91585519764682,5.185197124671988,5.204523455112888,5.234453474197332,5.597476106774104,5.200679665675102,3.819101277255301,98.77800202172365,99.3287614633696,94.33746753070238,99.66715264968842,99.14511679123338,4
1.0,19.196751667441966,12.074354992390965,110.51681721168607,39.22536939783331,20.89451797036111,15.825218466504998,15.760890474481213,16.568190067901323,14.921750375847433,76.26397520458846,56.06928201353375,56.48799135146796,59.06836512979813,78.71935556374794,4
1.0,26.45592529145119,14.062709263136297,109.25083705254518,12.354228517598807,11.758447341308718,12.11352559580983,14.749896267195194,14.334988444847056,12.529574498789687,66.9781666585479,80.23903757618564,59.02321128501426,93.7962559364723,47.35721082123051,4
1.0,20.94946986337711,13.0,115.59364878389894,15.8631600030812,9.749168725104917,12.016089280247652,11.302855254367213,11.094432383472881,9.000017117814362,47.53954042338741,74.64697425399989,79.52340632873957,90.993658178138,62.383903750834946,4
0.0,28.92962797463769,12.725140197003586,86.37429901498207,5.858176689965001,6.36501001414087,6.847312419247285,7.45681873973475,8.040802669769516,6.736304763308483,33.61992032987125,71.20692730933499,65.04572401596683,89.46222417893948,45.814543334927144,4
1.0,31.414302190341925,14.140269293626474,117.8087306697813,6.542856292416813,7.011659299609574,8.335108156945564,8.312831183980474,6.865842626561958,5.2329246264082565,47.256058866038174,82.57985779854403,76.5117779331712,89.30761635242264,60.99584010064009,4
0.0,34.827823965984116,13.975852079462534,107.57955009289917,8.102776648476977,6.177294234023505,5.880877666315038,8.292199265249796,5.877910064537599,5.381066904870319,85.45273624752105,73.3303099760652,72.96965293037611,86.81228066702595,67.36425445667068,4
1.0,29.433875287963282,14.677604914351132,116.13040278640956,7.990857170386141,9.30201671848091,11.437703893478847,10.455777288617533,8.711260638182468,6.591775454495688,52.62438507724614,78.9138436153251,77.22744274693213,88.66891021479881,65.86738965000943,4
0.0,20.518050143459238,16.0,107.26069531058872,10.828077548518463,22.224336569812078,21.14710251799371,18.85696400488174,17.06588697308348,11.38518758410678,46.25971531443448,62.28342539580783,64.73937840393653,85.012282832176,84.43133413893281,4
0.0,39.45058129699966,12.0,83.16848318309538,34.06095121716737,15.349637678909831,17.290818722538543,16.36498064508254,17.071797100974905,16.062967069471554,69.6269725778591,74.41840212869779,75.35318688803838,89.14412532962052,56.95006337805832,4
1.0,57.57817482938148,8.24998701514489,102.37495455300711,4.57522642809423,7.157227689919324,6.4686577948349315,9.179788302925246,8.751155040412431,6.22304447021299,88.38553515559585,69.93934267927649,68.23296959209259,89.68935386153274,71.11441925575902,4
1.0,39.95812351210614,14.875666748257178,119.43897142070564,4.417312764133866,3.6878612249249745,4.075979431136747,4.626868298634621,4.145172491979128,3.953360086705691,50.05411644869835,80.98011917012089,59.54010230246664,87.99417372086486,54.991006573099774,4
0.0,34.13672945772236,13.95596319240789,107.0,7.748681516159587,6.148802849853711,5.923993252344109,8.2385251931351,6.032748368990792,5.489791491555379,86.40841121165104,74.64044712203534,73.98878419118138,87.48628422248392,69.37236198545052,4
1.0,40.67624878016152,17.97464925658454,137.8732462829227,6.458451757096682,3.841623041113339,4.27793459085956,3.8244374685380964,3.4738196960460863,3.2103844503211363,61.347821758247555,74.99315221529464,76.51800957215717,95.67520745287226,62.150805768618284,4
0.0,21.2988126825766,13.962648414677926,81.494063412883,4.647303581463655,5.307455005727681,5.658295311113601,7.509633864312768,6.5955052876422915,6.033368110871168,31.637134893476965,77.4917074945649,73.38256422957292,86.94785240392437,62.07118321782906,4
1.0,24.804218674365735,16.415877590469275,135.0476421692197,5.407268271152645,5.818124379963271,6.408610327657062,8.949975447443087,8.103499656871852,5.144572891919491,42.48645271084798,76.77228724018076,77.25813506405123,83.87581268981462,51.91101530585916,4
1.0,21.608051587812604,13.304025793906302,110.39194841218739,14.53867896717107,8.994933704506348,9.690022791371067,10.673901853207303,9.988683347007981,6.525017663620817,55.287841238818416,81.31795419771016,82.4833988540216,89.02620114976989,71.96755633872675,4
1.0,22.309605421024813,14.635811777657079,106.99392955422788,14.024722020914444,5.358352082595275,5.621934992193496,7.201567423666919,6.471383596459823,7.934092739691119,51.945333576002994,74.09167975461784,70.9094395378714,94.22728819194677,53.83471041066127,4
1.0,24.039765920425076,16.306822719716617,134.88070223872478,5.865063751137,6.6093935227154414,7.197276721791147,9.695888173817337,8.966376808314946,6.13033720628778,45.24245866368468,71.84096740864607,76.09472738019043,78.80063456323222,50.46980006631877,4
1.0,26.947118849168845,12.156437042671087,103.40793338403978,8.438274221616592,7.161781745884966,7.533730618467838,7.650883482913011,7.633511342004475,7.104880938122638,15.023636796430328,69.58520819819367,73.44734463557666,94.59377354131098,54.219851082114644,4
1.0,33.49659942569566,13.579168594453677,109.7497571018354,7.490061243296115,8.966095457053937,9.889549262145525,12.196362950807869,12.15063277764893,10.334525974771687,82.014653011481,96.58441241555367,98.08072575666566,96.25507250754742,88.4893155173122,4
1.0,37.5789205027096,14.647679994118361,119.45077333529387,5.634860786788512,5.804978119249373,6.19314486037036,6.684946882373369,6.501484071360808,6.555775586488894,57.081362771269426,67.9813851490906,56.89971186975874,74.65697240444683,51.15601531469706,4
1.0,21.62623866129553,12.285404077299937,109.42919184540013,10.302315843097055,5.9008175020023845,6.591526196113412,6.944599827098042,7.250897296140083,6.7975279614342465,66.9749798300365,73.27035486540977,61.06185272442933,88.63734737637643,51.02960258134098,4
1.0,27.983532992803582,14.320394753435462,104.16513179466101,13.705489953204461,13.206747552294711,14.425829974775239,17.111640215755553,17.52302116334461,13.697113028957766,57.84839166556002,83.341999270498,88.64200542376604,92.1888699353697,47.55151826894066,4
0.0,22.806465010561837,11.83980169083783,120.68125595802708,5.296467410482524,5.286848100497104,5.161228981830413,6.022604667767697,5.019972428516745,4.062044424030336,95.29541409907934,92.24979042722694,87.82575489074455,96.14461154598075,90.45240373358621,4
0.0,22.909730561326388,16.864595841989583,135.38218627846527,5.50968592025111,6.125755023420793,6.766926839813513,9.524072915876882,8.713317702516942,5.494872913188014,42.37313621756364,74.85374903723152,77.4058173276764,82.88701434838367,51.887080140265184,4
0.0,27.07531224106702,14.524206166608463,110.59265991704498,12.175001983083883,9.57723115965386,9.406863033414288,11.889619352556831,10.740514236050666,9.79404771688232,70.73287875824192,75.73162786747027,79.69074308537839,88.36450746839924,80.69392508703336,4
0.0,26.96074619292215,16.0,105.0,8.703619149485608,15.713927287045074,13.861193837309125,14.686274454354775,15.296818527173611,7.9579444040908065,42.87861958168785,56.89069077944263,56.43148443284485,85.5561239191652,81.26114412274971,4
1.0,38.55507805618058,14.835162238703056,119.38827925376565,5.440571749337844,5.475295529179627,5.877031172764268,6.3032855274274135,6.141048643723672,6.248633861697403,57.17095228673769,69.09075202453717,55.52611539304878,76.27307297742362,51.72626174728444,4
1.0,35.55415297512208,14.25880018728337,119.58039993757221,6.037859393517058,6.488813019067126,6.848834843421635,7.476597282743498,7.24910718514691,7.19285572638408,56.89553422229448,65.6803119077901,59.748855977860586,71.30482095118627,49.973197586841536,4
0.0,31.14987653196986,16.0,110.49546197900231,11.427221842090793,19.06074794959013,20.98168949138946,26.527128697632616,25.828025194318727,24.01599608393859,53.06552779778389,73.68129425837647,79.27787618948368,86.83636449475095,54.10404868164286,4
1.0,21.203754107861354,12.779863393256308,114.96484696181089,5.029019069484797,6.2681338337753605,6.506128627887813,7.172617648631846,6.948020985333545,6.608359690992106,97.26834640127431,97.67813420105337,93.098300299205,98.52946161803867,98.12895889759302,4
0.0,35.128833838778945,13.864081365228389,105.68764024029564,9.911928708366851,6.463157963154772,6.420889199925776,8.706456770044012,6.8115539432816545,5.463844964013883,87.99713770807197,77.84083025116058,79.08691652510407,89.15509065741789,73.48470314881362,4
1.0,28.936092910483882,13.043180465889268,119.88485209096196,7.402988208930872,8.792141508615224,9.116699518365692,10.121067484947147,9.720738233072227,9.264877950668454,56.43135092004373,58.39958721381364,69.11569048308897,60.837426171304934,46.600873663719824,4
0.0,27.24909878050228,12.464290562027665,101.88392735949309,7.437079396187821,7.587654869891465,8.022772308618162,8.56630056226325,8.259904202597783,7.590155387709733,17.86135526191235,67.54587930552438,73.78006268031064,93.27609188577811,53.03013347632275,4
1.0,23.994577120510293,16.953997357978245,137.1259498015867,5.494578853381986,6.044443459079633,6.6914275833573535,9.362087227799767,8.592845826077319,5.423115783350225,43.60674851454019,74.75305794909049,76.18040142866018,82.8151907016729,51.55556273872754,4
1.0,33.70262592871888,15.895681712770122,105.61093203478455,7.167503650522893,7.5370887401456494,7.089677128872545,9.946073787498458,12.088449594090099,4.598640430441251,47.36520791381471,56.77197699245721,56.04618990609048,86.92914939134171,75.31338823624526,4
0.0,33.26641589142497,13.91887142457392,107.0,7.46321635350783,6.202652857458774,6.064965877249758,8.250382273792658,6.27609808674881,5.695435353155563,87.11324565614225,76.25330224455944,75.30851651508189,88.29057376628452,71.46463168191727,4
1.0,29.424388159456246,14.790412215602085,96.2610013435591,4.009758974941773,4.764338474514419,5.043052140610248,6.472458050723824,5.575197102615235,5.470076040641052,21.97645762189897,74.16004698284661,71.8386716732974,94.1843324267449,52.436143956944434,4
0.0,24.778200579297454,13.896695316349302,101.52582617091268,9.226765287368016,9.551606765381242,10.208695732557825,12.233333008879805,10.57543125060728,8.26401444792805,43.144137848672884,65.10348022931154,77.32368343050909,85.80524702065603,56.405313812347465,4
0.0,24.617685015789487,12.097834160651,111.0,25.70674834548336,7.361549347926543,9.911053468948346,7.941058434490269,9.414804223730494,6.919225946832969,45.5689557581472,66.95279552801723,78.48034762460635,91.6817145081851,50.97650143873135,4
1.0,28.43462629500106,16.491615875116832,121.22332387885547,6.429254489029927,6.941219326469542,7.020311830950083,9.883349251245383,10.645903274263045,5.054238004816396,45.3363846916984,64.92221847418197,66.2148550272989,84.75437945447295,63.991961292972945,4
1.0,19.625761321737276,12.473471770780566,110.47347177078056,29.677854912283415,15.414598088803524,12.790983358724404,12.912529241291134,13.002381510365133,10.86830054827054,61.979713316579776,64.7560716529298,66.05306361471304,72.178683565744,73.64125727619941,4
1.0,29.866009349550076,13.075985336476652,120.0,6.8764396170410835,7.8916095764165854,8.159496371694361,9.25555898251945,8.766299684645267,8.251147135431228,53.51464223079326,63.27791732657374,70.1156585951993,65.59588492792,47.615082998983496,4
0.0,25.056423620257988,13.735406596951892,101.56614835076202,9.02524672591311,9.330465858646628,9.962560840388331,11.820425298598131,10.314702995428888,8.18813794406345,40.297297516763415,65.37849426991095,76.92467187242454,86.64646386071244,56.02526863832083,4
1.0,19.430097356777146,12.398504734397374,110.39850473439738,31.487888275863398,16.42785832502055,13.370994698011978,13.451935809827297,13.671485100064185,11.609016249540563,64.5521976492554,63.110589809705374,64.3738583749409,69.83473504400996,74.65311637850644,4
1.0,36.66634216002402,12.0,89.8293964701202,31.832890808955746,15.16933701685505,16.89501665123081,17.578067217410748,17.87181025891499,16.52708134643556,83.26159428315944,75.17980412859757,71.86098338386249,85.33981941412493,65.28827193950312,4
1.0,27.683157889764228,14.270187301735287,110.08074920694115,11.575973311602045,11.419889034961695,11.773391597498666,14.157014493304105,13.724219470553251,12.182713854989105,66.27627042500889,81.97660162378219,66.30205812181711,94.59912841174885,45.99432057468187,4
0.0,35.878290330328674,9.027808522124763,89.93047869468809,24.914811718083804,12.250480097744676,7.515132016370942,11.183505723352523,10.59378365261688,6.835494854123941,81.33560465489461,64.36857176127774,58.60014699043706,69.63179811308501,51.25988496413157,5
1.0,20.947645610638663,12.0,83.36540828763724,14.143046332585078,20.180367256490314,20.763081424169954,19.952540833024663,25.496625403283065,23.615504781980604,36.82411367280356,77.7626236861609,77.61969504987152,83.5434983242591,46.0917239817432,5
1.0,47.56239676122013,14.330355987404884,106.09598705352924,12.457932200504398,9.507206053022202,11.351143286072189,13.526285200050662,12.366326188710142,7.604396290539914,18.031855224435603,76.88102122499461,69.36989631238896,83.23037037120523,42.5799725435396,5
0.0,30.307929772403135,15.55578437905854,111.88946094764634,34.15039454525883,10.410381959365997,8.90765247906982,10.095043201070201,10.024368709030524,7.896253949875975,48.80911649501441,79.25814773792375,87.33702781513168,84.45386589600287,74.66366614530185,5
0.0,25.156531799031953,15.64040389799895,99.0,18.070585681554828,18.28186154959396,17.905928093094754,18.463926058121753,33.19048601761898,20.121419923109276,27.115284167255513,72.39125072244751,71.40085289423762,86.25692122364794,36.054691649699485,5
1.0,47.66785866093898,10.987154485789116,89.57246622912018,14.933127984118336,25.36933988504488,27.05063403124118,31.872529326333343,31.275051888260084,22.512307640610516,47.698064002658384,61.04777965284409,56.40063996600753,72.94401005521162,31.240865804087093,5
1.0,22.436483215897884,13.88581940782504,106.85819407825039,13.045156185796095,12.844069325576687,13.365415116018845,17.08123997143651,16.499723026540675,10.92565071929687,76.868072386932,66.13445176844256,81.88381939479167,69.62945425493473,57.2927460161249,5
0.0,61.207970679792446,12.0,110.18234722362641,10.083913922576803,7.538007393684492,8.592691587560235,12.258401392747832,10.608345055826689,6.33926734543989,32.557360459298096,74.8300688025231,73.25301695576727,86.43841079567508,38.78868596099609,5
1.0,23.603645080932548,14.443628134769902,63.112743730460195,6.811681529899614,3.8587120068706975,4.393408668835694,4.663224361527359,5.407801228296928,4.975883729810652,38.228052323374996,62.21798466658367,58.53161604611825,88.35022119198817,64.32099655655718,5
0.0,41.101043831004944,10.484905205524111,98.95132230121803,8.672659372911575,22.505204265345082,15.181699697846637,14.720271439040381,14.905373734675923,15.928950654378497,76.2693770147851,74.82283550394213,54.03915335084625,88.71948381934398,66.32004805256798,5
0.0,23.849071030995123,12.363629602379294,78.45429528803388,9.733190790220302,8.123244756215154,8.312558207353153,15.169585375076863,12.662434922595903,7.458365081379254,83.08955032528746,61.16040712255481,61.71424464881096,72.1248446307582,62.78393444320564,5
0.0,22.15794207617069,14.056435834558078,107.94356416544193,12.641718064666279,12.105066471437578,12.612602499130347,16.40412311305798,15.795784554871162,10.12570534325326,77.48928263346042,65.96080831689683,82.11209964229752,69.16613979674253,56.33771047119312,5
1.0,21.270388265277276,12.96244729494211,79.96244729494211,8.653630223983049,16.305252459765633,18.967755439195038,21.936309882704847,25.52460118056819,28.79210144929155,58.667992771592424,44.90882440194645,50.446139380023595,73.50282144566849,55.17318853796792,5
0.0,27.122378704717008,15.244653112523908,89.97861245009562,13.15608893219062,13.664694796905387,14.42099303527773,18.60608337017795,21.33297921674969,13.746165334635673,90.99091957706422,65.92017839736417,62.06209131476137,77.93771498615561,88.7041752861465,5
0.0,41.115738168986624,9.519260458753301,85.02751494107615,12.273300250388289,22.41851387408943,22.374225103552774,27.99106223503818,27.63609206021618,19.251694632769755,60.4312405511196,82.53099895126714,83.41347998230697,93.83782956398048,60.485058428489616,5
0.0,42.35977699069142,13.398243380366461,94.20351323926708,15.651106531674753,19.422660776730993,19.455836576646,22.689724354504285,23.18250599293408,16.479713656632164,55.64158597444441,79.33545607844316,74.63376777326545,90.98216735646336,26.541701562527795,5
0.0,30.701978905156516,13.430319011245064,72.4364355506028,21.605919925586292,9.443890996760437,9.676247333117464,11.615112934311309,10.993589698378557,9.028463692481807,45.445592987522076,77.344704020735,78.52854510310236,94.78153235042926,41.01178335106798,5
0.0,48.11489196652856,9.184434736772664,103.70490442116373,7.64943688425794,21.648728077602417,10.243539815941439,11.584135201417213,11.892384844720219,13.240267457676417,75.68343092883458,75.63646209686173,59.1950909607973,90.99767013493484,70.21187381992657,5
1.0,63.12813616217245,9.657386003879381,101.94431602327629,14.274032975041667,9.85955205572713,10.613084633829235,14.844197750158271,12.965004233727214,8.454681973789956,38.88745138617373,80.65542710117447,81.37610344916045,90.05818793806185,38.1121526901582,5
1.0,27.332771350556797,13.0,96.90891321021871,16.68321509361057,13.003595816881669,14.562496368020462,15.53682934916192,17.502590045589628,18.684179702847068,51.24307150431129,49.915131077771605,52.25362714842403,80.23913423923923,44.19982950305599,5
0.0,23.91780962737498,12.05147875124999,73.05915004999957,11.119423894681452,7.740459052281039,7.926733492734952,9.700760049290864,15.918450380158356,10.49385690873185,41.70597454051142,90.3596991543327,98.8951240088557,93.57721382893526,35.04523736463232,5
0.0,55.810233334009595,9.835939392709834,86.04947475034372,13.620588094891078,8.0407248883083,8.612467427441764,9.8933622114539,10.778158758683608,8.605465990381614,23.642842892961937,69.84684838570887,73.84439617705844,65.83141766456633,59.87583641024513,5
1.0,20.97118219427848,12.366936456133384,96.51410366673284,13.495127232582997,9.642465574231457,9.6483455710592,5.947971808693618,11.994313292858488,8.47407241492851,53.505494385727,73.49571848271974,74.2279861715862,76.86819131121918,52.11787056919777,5
0.0,22.169117178799223,12.95824756266789,73.86378995467798,9.456145390501062,11.635129731501998,11.213324882662139,19.44952006342523,17.171973612557757,9.536392899852336,77.63516301839067,50.87131697397562,45.89110542634499,63.07513698639049,68.74670225986084,5
0.0,35.3817496613116,12.855105127908777,82.04279231391568,12.702713616151337,17.503111321230183,18.951003556411038,20.60151064530392,19.0808442786205,15.181216143676622,40.553190470198615,84.10323747439844,95.58374779234097,91.82235491887916,26.67720588089284,5
1.0,46.579003493968244,12.0,95.04218895888975,7.626931107071455,21.16080681657249,23.96265585159185,27.658154791176948,25.273076783974787,19.08022574698432,43.341804255135685,64.2238881358683,59.91847065299595,74.01889991350674,39.18108851695568,5
1.0,30.686056915638577,9.043048637668198,75.61703047324417,36.51259760167624,14.928951185882251,17.722829371906432,18.187965552269006,22.23419053844955,17.600350148444587,46.14839178024402,48.87804080929073,52.474957665700956,60.86608941645251,55.4501293859771,5
0.0,24.602007779447426,11.452331629069002,72.53549233081051,5.761220133894524,9.488996118645375,9.783951908315847,11.352471458055197,11.905143419167485,8.759304790281636,99.17641263714698,86.62932455315848,89.81137746846737,91.43478317639324,99.10621368301798,5
1.0,21.559486329392783,12.327864452594122,104.5901023363177,15.37635062504369,9.767338966907769,9.887242764150642,8.8129373860064,12.50066927451646,9.23710533916112,53.271623008339795,78.19432874277157,82.98666399410374,81.74189075200925,54.80118428168859,5
0.0,47.04427137514664,12.0,85.52922730875437,15.284370082920095,13.734274769301436,13.959145471269398,15.432442580337874,16.41044088855567,13.031611435976647,54.56754805743919,65.4799746156002,64.83848183370847,63.840052729902794,58.90134104164734,5
1.0,32.099659935779925,14.9505501759696,114.2376375439924,14.13227050113873,9.92507888754151,11.218600312203652,11.601308811017883,12.218968550630645,11.997419082870476,58.851507358613674,70.9901064825045,84.58822096262004,77.30393846015778,56.4684419743009,5
0.0,51.01671153391603,13.630701908328842,121.53318746804582,19.80423951457142,15.535084757612392,16.703714871929684,16.899412212288,15.818878182984154,12.823637159565589,30.52181663499431,57.95836366316406,53.97675332333914,90.87772002499999,60.71993705860132,5
0.0,30.795407231525694,13.0,106.41339759263104,10.243697201418259,11.775065538661341,13.297207061238062,16.143681395400996,14.00020029860624,10.666051462937952,60.31382086084797,80.38711343143457,83.37116967302622,84.55299759456476,52.151371898301264,5
0.0,22.448066490621077,13.793834983561478,68.52922332237432,10.545748415184098,6.219382709717403,5.767363353411266,7.38293015174467,6.381309613757218,4.653727084125686,63.102965420113705,78.27673853111114,81.3156949391132,89.2956095206261,68.13100861712705,5
1.0,34.67553042725384,10.832351446195526,93.93765363673968,20.791526869841597,16.582145049137978,17.665341360667348,26.686566110182802,25.811072824058783,19.046148898237227,54.114159612039266,66.59049146614463,65.8309876980794,94.17646426265203,49.213724390988915,5
0.0,30.78819174977416,13.071549368149517,81.14478989039227,8.787076749530897,8.697226905336512,9.645473737871228,10.379653194172977,11.087232273439403,9.061360030426817,58.652023930334764,82.41774841072129,83.4429657658244,93.112481376691,70.88859641032656,5
1.0,22.88299846315604,12.909710229945592,92.8330455186942,8.129544863481215,4.919713409264171,5.353779937822293,7.224272289097592,7.565157719873831,4.876418676453865,74.75636773019392,70.60600332798444,73.71938714433814,84.08919369457794,55.92066478698611,5
0.0,54.539862099848634,7.152882530875334,81.64697504410762,15.431436455859195,14.88358894541949,14.512704863220748,18.1733175353396,17.300628493024544,12.812666704873267,57.217103673931476,84.85506198514678,89.40189749242107,94.44561987454236,49.20824262245434,5
0.0,31.260571614293784,14.0,80.09482123446298,10.921853663145653,11.618803813417863,14.107712476982075,21.431328105124383,14.61263685142966,9.277296531612736,59.76635964867875,69.55888428486243,61.48076280742822,90.40733194352696,52.52620037025133,5
1.0,51.625080212627815,11.440444468800438,92.8965927712032,9.965711477833539,27.725534115194662,29.146940191304537,34.961365125968065,33.288566143893036,23.592479991817157,47.9516891161462,63.83154086824259,57.29035255847234,75.79966185314242,25.703275319641627,5
0.0,40.008893690930115,14.081550283109529,65.28542599088335,8.901432131194474,16.050356597225193,18.505873961691258,13.167047684765887,13.133824604226518,12.292185484570014,76.87220768564475,48.27491389448455,63.28712201886143,88.52836293892423,64.6887737302633,5
1.0,35.91316970739118,13.636428227247032,95.45464234087055,11.915113131874328,10.705042336124766,14.242226134703447,14.365869471570988,13.213568804026455,10.762353091266407,26.987223661334788,67.42050500002559,63.263388040323285,73.3950295546637,55.453420660540246,5
1.0,39.98625252796226,10.28974255263087,105.86922765789261,17.924147795403012,17.423623390847396,18.723041707938847,27.200445829992113,26.61834171482099,16.866772343840005,52.3115569101585,62.29046998063313,62.11956560672775,90.90885302390701,40.29043697895012,5
0.0,18.73611416441944,12.066351315711424,74.91706085536072,27.596586137297887,8.813256930432498,10.159610465184036,12.115125174921513,16.258034451620276,28.18975185472958,54.00389616064935,66.98938948016882,73.21985639703573,88.1862389013023,32.03596061333206,5
0.0,32.81566568328237,14.48790694170072,93.00418460972948,11.379786700462583,10.806153605143937,11.066847280811519,13.611134499232584,15.726674756251494,11.57072243512689,15.538914703488599,75.73469965015356,73.65530494164535,95.62749792841042,47.9367798070887,5
0.0,31.28765031828043,11.320512674406187,72.60683945752164,9.65382127420739,14.342767638813605,16.2601758202514,19.97287199832141,20.994449755522183,15.39484185362603,41.529216440513586,85.33021859060193,88.2300760849185,96.66384123567457,57.31456626202474,5
0.0,27.33863906688598,12.35482720959055,78.90309930549606,21.92140138286835,9.056644336198374,10.072119547166405,10.777121802669019,10.861611757682027,8.773475971435241,40.57222854668481,72.09299292846826,67.23420339567186,88.36711429211093,41.33675967762983,5
0.0,29.415046463141287,10.348732858009983,71.57972572815973,3.5424339309421287,7.385443582914568,7.457778479469693,7.936614625819808,7.551069665046862,6.303177459109145,89.7714806974532,89.13150114902174,94.68374927037289,94.07730486193981,90.85590343707848,5
1.0,41.83994459545349,12.309062261897534,80.635933928463,13.105752757351814,6.667150089946388,7.390249663374227,9.695479697148496,7.656358498811973,6.645051632542809,68.33997104618595,55.85834502291672,58.61684687320813,79.41549640261638,63.468784193387485,5
1.0,24.580732788802433,15.45305861479785,106.6520284202898,10.837042654931095,5.336763680979353,6.124729367004929,5.8586755382573354,5.797235813403705,4.632672975728366,61.834455732346186,74.88182586497656,73.89373907868668,84.45831012180044,69.87904170838978,5
0.0,23.55601227134986,15.746919954946938,71.77156031537143,14.16415833475708,5.141952520298292,4.418121480125845,6.5737308988162475,5.315974713913058,3.368164039681723,41.70717695763382,69.6006792915729,70.64246670848725,85.39990569006892,49.498385014527635,5
0.0,33.02247741687391,13.41256283243798,83.57554454779583,19.24742390899273,30.048076735324805,29.775116516932545,44.06586490297964,37.748817905098456,24.298569177430323,40.631141851481836,71.93121570571998,68.14055468537725,87.38923221625542,40.06070153560355,5
0.0,24.648148102721322,14.976800946849224,77.54293838319586,27.935797164371717,13.90315932450676,16.073183009165277,16.914355110447463,17.828502090228383,12.104607395093362,44.2477186125521,46.489082838311944,47.31306110281001,46.55086620278221,44.324044350197994,5
0.0,23.588860594686054,14.226947042481179,107.18442366015057,39.501034807978236,18.531556098618395,20.829622480956132,22.86493462487396,23.29667570151527,20.86530426226134,79.3920253633407,60.58083361595007,60.95064391407296,65.43896147504613,57.26385173124118,5
0.0,19.24714467205006,17.623468091392816,107.30122552688574,18.74477437180131,12.303969591554445,12.565017350811452,15.036728431790692,15.205802906533648,15.819382533618343,34.094489798238776,76.20599118443445,80.5187668554396,75.91945526207888,39.94507187024271,5
0.0,32.6718737724673,14.245321293238039,93.05614448114355,10.597057921529181,6.236324535832249,6.813636567229944,6.944787379248787,6.8851877949675755,6.403512889576161,74.18577162355541,73.99187536675454,73.76630840572334,87.31076348890616,77.6660522406416,5
0.0,23.810965287049736,12.0,81.4485406928789,19.011241655855965,9.759691201313716,10.552907238457262,9.984930421780138,11.375042511075037,9.164761760088883,51.63505923502709,71.40447942685444,69.98619901485124,83.1686319730089,49.126765818313025,5
0.0,22.539438449057627,12.639936184136715,93.71932993343552,9.49205975610213,10.842297070950536,11.217287409101433,13.909479692278111,13.366149607640228,9.115282792426958,85.56049476503101,75.24615115140313,88.45000656369422,78.01158476563336,71.82466252735473,5
1.0,41.34791645196186,9.731111199195137,104.19333359758541,16.49289209123348,19.072597285548206,20.564912126243726,31.025758934609023,30.291154884210506,18.750078684154623,54.19950966675532,63.573812252644814,63.63552742096577,91.64198991884469,41.85255165868846,5
1.0,35.49932117918992,14.889598376801075,81.45756997081989,10.059256605275504,18.1623453285862,21.422327877225875,19.404935330541786,19.850971372705057,16.498178157980128,71.99663199591981,61.42172864166467,71.36082005553122,92.44518065860294,52.345305097793926,5
0.0,27.071861611779966,14.588951735068019,90.69537455233572,19.529218257891436,7.179027187627673,6.942052353767968,7.606437692755555,6.975147798891018,5.4132165148284574,42.383891980652244,63.22728110647802,63.164419332064945,86.32734118525526,41.666414181243866,5
0.0,23.276635468976007,14.0,83.86963665440723,26.10028559481789,7.822202161917128,7.791994343180994,9.46915562618984,8.867652604562442,12.818823810079943,56.37862433699202,70.32853996601217,67.97703354673473,94.98988613579365,63.445340764525916,5
0.0,31.565491489050313,15.627588928776403,111.78966401852331,37.7748562915463,9.809004196649065,7.915229132024061,7.926200405753178,8.61353752522566,7.297238019351947,41.58488345957812,82.21800831958366,87.40069605093991,87.68826576483781,77.03020342121204,5
0.0,20.71401429570546,18.0,109.46682180912016,17.910329883755136,14.757810235005607,14.868123346022273,16.651928290883312,16.60781723579504,17.492562334642898,36.49022015516543,76.24186579396923,78.77175288574739,76.99085328016,44.07458690908065,5
1.0,60.404939676258145,12.09958194283667,114.60585280028663,12.486221635849562,8.793559795759837,10.300996484565406,15.212118221110117,13.03683402614595,7.700220169653533,32.07584025970807,77.36849833560038,74.63353038138149,87.64872982026604,36.25078986830668,5
1.0,29.149593648701725,10.83449271363366,86.00695628180196,28.821867914259457,13.682202062760725,16.095593808854808,16.812702742731886,19.415745176362456,16.38799039624951,46.957145527392356,45.91775812361852,47.60405247165875,57.698906402445544,47.120040654922846,5
1.0,27.913434174886405,14.982910626853897,68.10253623887661,12.173562112263234,14.683326128670997,16.176495640998887,17.41298837182781,19.065408323465846,18.397477724593752,59.57701459404975,59.220670633568034,60.92687138728288,84.23922395699942,54.95150189528842,5
0.0,32.947316617695,10.952371276162017,82.19051489535192,28.791179243653605,10.827061540551028,9.184569381082095,10.733749714326153,10.593096274457931,10.069803468890884,72.91956558852529,77.90129270604687,74.05075498504621,84.99341044028287,31.602751401032556,5
0.0,20.30818116315907,12.822132963389283,102.19235456903809,14.426274698313104,10.838186409242418,10.126477370894548,8.354827955813954,12.851979340726496,8.38346045870278,50.248227353744305,71.66064910635149,73.84761180925673,76.36846079524933,49.37841948472112,5
1.0,61.45928423082616,12.41155896018969,114.2508744191938,12.531423086045255,9.083718914529186,10.706754639821025,15.378286024552953,13.228313133637105,7.660598335166304,26.363060369231718,77.17681481982274,73.48425860942336,86.38226120119297,35.94667730917823,5
0.0,34.1347062305935,15.54834569706047,94.27385200074887,11.446814794060476,16.183487358368186,20.078545659792525,31.030119003993846,27.214010487735123,16.096578218145844,81.87214778906556,82.97190946862095,83.94785488467618,87.55798578956879,60.5087903837405,5
0.0,25.597593013022415,12.880497816569505,72.26410698669841,8.54720096376171,9.690742636807474,10.145147557769478,19.796817357897336,16.869365635820305,8.906731515032545,88.16755780556409,59.189000036623256,58.78444355628749,70.16088773342398,66.8175769895118,5
1.0,42.7582356842987,14.56812658461715,105.80139872306853,16.18549065825672,8.950607815029942,10.600860042723525,10.630063545807154,10.157196222997015,6.807803141354107,12.677106704633308,67.52385277736896,60.40098218192174,84.30293605470538,49.25300833750298,5
1.0,33.2399404749106,13.252419894985147,95.8868212951832,15.72524725872892,40.03667093069494,37.776885025406685,49.151249486880076,48.30657731796908,38.64544387674312,22.090045731504745,73.17323795212361,64.57726177950211,90.91182208773519,43.18614637549582,5
0.0,21.485977922578137,13.0,89.22208414495925,24.623017059203434,8.194870723634818,8.281968424246081,12.81408617349054,9.646148142660666,9.67728925283275,88.53661324329491,87.15341473143606,88.47338209470034,94.81222622909296,74.06215622269802,5
1.0,22.10601265609415,12.405783245891683,101.42024136062089,13.335854185564065,9.052214194721374,9.02988017917137,5.430691451984993,11.267953708814675,7.837410470051113,53.278022043610825,74.59038847057157,74.57572413007227,76.62187006130961,54.75013265221065,5
0.0,23.256089366253732,16.78714188068082,92.44570256816985,21.566762091510117,14.664627473864964,16.505613765418268,17.253466057968893,18.165224046201274,14.948714277249817,45.58654478011583,52.13020747957819,56.26724548796891,54.53746264397449,43.47894569859713,5
1.0,26.005384511664015,12.935620638683593,101.5677385740184,13.496178273218112,9.1247072749977,10.827543136897162,13.509287993162019,11.253462782721655,9.042364272595815,70.39263820086795,78.27623139728975,81.19657173403064,85.49902396713429,52.07538187496008,5
1.0,22.904662843438615,13.0,84.02943085732065,14.81319517884284,6.031405671252011,7.590036333578201,7.408373408081663,7.646059389738064,6.0310752234822935,65.56352386160343,72.3636860124747,67.79219323878274,73.98867550991184,56.59267403025083,5
0.0,31.747434852362417,12.317508845540278,92.72046992516306,10.013304230972683,22.801427783800207,21.057511508140898,18.33351341025642,18.349193698496833,18.860081423868486,77.07034135906368,73.77917762701259,48.3548541187446,85.81364517921058,61.943938268062766,5
0.0,31.414757888815444,13.994938416153781,92.93419940999915,7.4183880746184085,21.629738511708858,24.326780079835174,44.40415426334839,28.0239692069864,12.008564208999836,54.21365678423832,76.35824540611627,75.94681631652766,87.88747412694866,76.34617402603418,5
0.0,26.762629814558828,14.0,109.08525378904756,13.570698129293275,6.386247396839323,7.3850941855836,6.792340879930763,6.67471573101037,6.377616991107041,53.81646284715024,84.32747882083714,67.50463601831933,97.0298496878702,57.73240125574126,5
1.0,30.53314765567045,15.548733789366587,105.7689931595012,10.565308006793583,11.062191622912009,12.99741822730658,14.90902902663778,15.989473857995884,9.887243174950232,7.403392044548266,78.93131076881431,72.17776439026615,88.54334896023539,52.06528142630265,5
0.0,48.82633050196087,12.0,96.45947598846347,6.977051314897633,6.582797312263118,7.967738706931568,8.334811108445756,7.687946277469752,6.454245024266638,40.68353802882262,67.09195242545192,68.02262305314885,80.00854849917995,51.61705489213833,5
0.0,34.58125906616549,12.259806297513002,93.33825667761703,49.69198640239634,16.70710112715659,18.626612115191314,20.17997401808325,20.15962156965891,18.361923713937436,71.96956462459907,60.61886981978947,61.02016664155115,71.65797945463017,64.341438887013,5
0.0,30.54207097697588,13.55146138107888,72.98157621485497,23.02597386239973,9.83938097842817,10.106905853315727,12.1151528999862,11.482423086276045,9.449947374158336,45.35361443180205,77.10182810630258,78.5318994141807,94.61057399698593,39.20956781897185,5
0.0,37.73224856080108,12.712179221347537,78.84871688539015,16.55147510875786,26.273644081550206,26.325805316967127,38.216148739541154,32.7307085511463,21.240397698165687,43.82190816620212,63.903451245728434,61.84224708637214,83.60454390266857,47.26947284177629,5
1.0,24.40177691625672,13.0,105.696281937612,18.630037382741694,10.197873674354856,10.716624755631756,15.627001624015582,13.735781616150756,11.011604302909893,57.70507387314809,85.26697155003676,98.54720514261896,94.69608444200236,56.98467986763215,5
1.0,34.30014178086032,11.023800905522197,87.14280543313318,19.759545776160927,12.503035026405982,16.508117752184884,16.801116771232042,16.96452530404414,14.542719296866867,40.9333670883123,57.0773442886116,58.58109311297938,65.86193189576223,58.79088258133389,5
0.0,29.64506329260932,13.0,84.81666330275755,20.51278163579293,29.52824723720852,29.28845475393813,42.51993624603609,37.1666452861968,24.654816281542246,36.2649030068222,72.15165362344685,65.03582392006737,88.53749175774892,47.75390387094334,5
1.0,21.092842889294513,13.29926579809443,105.19706319237771,12.965259914060884,11.229733967235418,11.539047059666322,12.58800656527593,14.510357704477379,9.487743832629672,69.3076278677423,68.8438989153319,79.96930229950394,71.14119741752772,55.412498089316436,5
0.0,25.386783737192133,13.150776589505822,94.15961734569726,13.750333172980831,9.268661599014276,10.765373591418266,13.408195580107453,11.345202877085779,8.877709437349814,70.45622014388753,78.65716482095029,81.13889239079552,86.58804870194349,53.667174972259616,5
0.0,36.705122042225646,12.288064461501717,98.05432264619795,11.118776516873893,10.920957755864844,11.56089829763962,16.376009952886246,16.01624384147192,10.58483502712153,70.25621906951304,71.53166239717781,70.84033314868219,90.23619841645775,67.14273421560557,5
0.0,28.026481915216163,12.568308603335472,86.45910972007698,11.32989085281979,11.45484672514612,12.088405706240877,13.638992655461898,13.240560020364072,11.355453834520233,45.75441498493874,68.44289974409065,73.12514949418306,92.83976138287933,50.011338386482855,5
0.0,23.780142295942937,13.093674767828093,83.3114467495933,14.590964086452612,5.888364979589833,7.37542645227637,7.0124248138227925,7.296038518923043,5.742848018635216,66.46002623033074,71.96101580422585,67.38522459701599,73.45074589796603,59.198559055862646,5
1.0,31.445388040538333,9.632284196940567,83.66375828872357,12.766919164916196,18.17534748303913,18.69782893340741,25.31825129561776,24.348934482488335,17.82731352738754,59.25189184292102,72.43074456390815,62.307536255827635,95.94249782658085,35.465020473438706,5
0.0,22.85667077295185,13.795607103045176,71.24323788290761,33.117944970234966,11.131415129733528,12.245399151770815,14.079311918778615,14.436848467125284,9.43608969898657,33.07708653559071,58.0573378365254,55.21969983745639,53.02308163888318,42.05185144330893,5
0.0,31.63935026477634,13.756010356620916,89.82813463607191,10.59905837406285,24.606460058464105,26.575639548511585,45.71361144002123,31.542533479646696,15.68521547117811,50.43839561118576,75.55881410030078,74.25045361485893,87.93312658913972,68.31319906285404,5
1.0,26.311196514419922,15.81107388326712,82.78408443801956,23.804759509252534,16.27004388238652,19.34772213600489,19.342154547640856,20.811878936938303,14.506894343503543,53.726135179488466,36.80220269825708,40.788855304128674,41.470143710912524,46.54127640758052,5
0.0,22.37239919790024,13.0,94.71717269600113,9.321036086169201,23.080531487394545,23.69530058254876,29.729464099003067,29.785894141671847,20.556949423371343,66.10798420955182,78.88274913835264,75.56450842973477,92.96093236466156,67.16342455162076,5
0.0,21.15958973653268,12.0,97.6250242138965,15.317573373814461,9.321532411512964,9.255347018400773,5.638690857273622,11.537916634041634,8.462920935689132,54.54260954578474,75.32185157240389,75.78303586944183,77.46248287918127,48.53933602749795,5
0.0,24.58395047320493,13.0,105.31975236602463,14.785893010014334,9.700935260552043,11.883836911945291,16.664376877881196,16.43897982763633,11.079444123259005,61.36088224067734,77.41398022199999,77.87976247459302,88.6720054814342,51.09656134182225,5
0.0,55.444527547265864,12.410377392916704,113.74292433895813,13.034846484305563,8.767312832491994,10.095398847101045,14.417898685639015,12.331821739473053,7.952616766410401,34.34405262102746,75.61119514871686,73.14656756509382,84.646234542937,32.89747346025761,5
1.0,24.25770031186716,15.010548372420768,104.55010476899865,10.303405614575937,5.217438913453843,5.950089491651556,6.078328993623593,5.978416100766972,4.581840717910905,64.76596052581309,73.74240259117032,73.3925061783603,84.20990976293108,67.74914654216774,5
0.0,30.123569207246124,15.153807769252719,82.15430676896739,15.415202774019138,8.766195456211852,11.241801789566408,9.917674007521901,9.862119913518384,11.41481922810988,62.542984151865866,70.99750893848578,74.53571968380055,81.0376607380789,71.81632281160994,5
0.0,40.56978158216551,11.507482306181137,83.64084930330546,9.529050436853343,12.287931781258125,10.17078035309955,10.040551766091184,10.44193865206053,7.312884078847768,67.50806914604472,86.55425473535696,68.55703855541499,98.52856382348075,11.747782779203295,5
0.0,24.879255625042024,15.219028048807822,94.36670091458632,13.588336490974712,13.199045168881572,13.924062338681392,17.109397218486276,21.327614002232828,13.342972695390083,88.29923783798495,67.58865273553278,61.993969249527424,76.9186827575049,87.71585753373888,5
1.0,53.80799242177196,9.330574616861936,71.65287308430968,14.337504613658254,10.98587128387192,12.959134623867904,11.261761518068798,12.8154679222808,10.028588142459288,55.86931435081031,73.73688817646003,64.18567722137085,78.47413883545313,52.64819174841774,5
0.0,31.986113760757046,14.876910550236577,88.73451203945176,10.717049558150192,14.549414802248947,17.578540819987115,28.20295873176879,24.61050442362317,14.287061336749387,83.45655579810332,76.98630534060973,77.6148105970246,83.17954158626301,62.09656496860443,5
0.0,29.184255529345762,16.0,101.27052100705639,12.278216879517265,20.30815574740251,24.66435494321582,26.813546480687723,27.830184257330995,21.80657781457356,64.26210605705546,78.62959978562463,81.90746403308535,96.10556020744109,37.740644686029974,5
0.0,30.015765178375435,14.127166224556994,97.96338785729965,14.095873814009057,11.583825868111203,14.511000624502472,15.32868930593191,14.261899854992517,13.970568218140647,36.26843787025749,66.44252646883345,68.2868633632114,70.96529536652929,52.84489706471452,5
1.0,23.30716318386858,13.708442717628195,98.36510290873393,8.733155389133447,4.866320589689993,5.43620405472167,6.724668849602358,6.511546984801106,4.432264586080745,73.39204101633433,70.38959999827327,71.91760654580696,83.4789808917736,61.481837281357926,5
0.0,33.93319902883844,12.0,60.2503697285888,19.11284345832958,7.316722717193219,7.9197090714787155,9.050610046889915,9.217513147750935,8.376412536910458,57.96848945268313,77.56826806301191,81.60708900703557,85.5356840888507,80.8528711700101,5
0.0,31.942728620702873,13.046071422997413,78.61785731007762,20.414006211227505,32.920691385431965,32.61508790879371,48.138349084357614,41.250648567077576,26.41761684938636,39.93675682101586,73.36899395211267,69.38608731840253,88.26269043010403,43.80332533123146,5
0.0,52.332406165223446,12.340542439118206,80.23377951198404,16.526536801741194,12.620980025319636,13.892225560732426,14.686283524756544,15.723256593676922,13.702089982289317,43.121626364684275,67.37862893593542,71.34917635341128,61.84570783780564,61.465109578670074,5
1.0,28.579536180794562,15.370158700255445,108.44761949616833,9.841664244536542,11.531708568781674,13.426995783046006,16.093919743812663,17.720039510744197,10.809963875149085,6.0662330275146505,79.84450395228382,74.7056187077462,91.73111180491783,53.53472351209712,5
0.0,30.237002278181752,12.984543383471133,80.9536301504134,12.06095336727952,12.154215896349847,12.419864020799483,14.297572823819605,14.310829753098519,11.138731749664526,73.3710329314294,65.98532611661784,71.8015715244972,80.18568444143311,65.10163373048111,5
0.0,22.277194998117896,13.215044312236824,91.50177006188592,26.985784247333847,6.544314109568296,6.946444074677672,11.948796464349488,8.216390398753866,8.333169099864088,92.75098974393245,88.25703390272764,90.1991194671938,94.48648649631548,74.33773825790982,5
0.0,31.331436317033653,12.0,67.70731466971166,16.96067148150204,13.754328961118734,11.507110634485072,12.040603270416181,12.016553560058393,9.681803210523505,72.02537946131316,93.01447586500784,79.4689980145047,96.89946788205953,16.928537498801816,5
0.0,24.755704223631568,10.066690361912661,72.69989337139303,11.573021322372123,16.26265354941797,16.146195463362908,18.960118544680657,18.056536725688083,15.784979697737004,59.96435001366234,77.0918380918646,61.530768447857355,97.88444895243225,31.58437464451905,5
0.0,26.4523241447851,15.781719862535518,60.21828013746448,9.854862342511641,4.090619549748164,4.624104261389204,5.315505792439113,6.717727521373933,6.262566824924329,50.01523319343591,65.56574569998527,59.82593186846798,92.9528869621483,68.96723977601698,5
0.0,22.36087877416231,14.29398108906528,105.7951418320104,12.842376138576702,12.580823403655453,13.15888833767982,17.152429533471103,17.175825200287555,10.905554337155554,80.92228691081446,65.98913913889827,79.15272053221935,70.00999042372112,63.072075706882885,5
0.0,31.25477875625531,14.0,79.59452894932213,11.060283906495977,11.23315671782013,13.713398976115885,20.541820903119902,14.095612264481097,9.174433541358757,59.978519624954174,69.2946383784887,60.91856727768423,90.50505622107086,51.59617944633379,5
0.0,31.199601742543198,14.770195457203851,86.75765451355379,13.380720439446492,7.6979466065324065,9.371990026900797,8.662359874576477,8.605097554947406,9.298773627361719,67.45920111119928,72.26189300913113,74.21083247073553,83.68650528722557,74.28639615928945,5
0.0,25.522671855401697,15.553410014550572,80.6181867442697,25.406090943243562,15.256208059427143,17.941745813612666,18.298303748696895,19.484164489623517,13.407265302572213,49.700750544032424,40.84194814958945,43.453373200311844,43.39140331855849,45.43323319380008,5
0.0,31.918918510002474,14.73231197937489,78.87381614437578,11.662538880970686,4.965805415051253,4.428162040652106,6.118736547122803,5.158626772541406,3.4166214629430502,41.72865722308465,69.6500638128719,70.71784751533636,85.32961796160518,49.01662276791866,5
0.0,20.258813766936637,15.32202901325563,98.27115957290596,15.559464587330373,22.360042759665575,22.43982042507676,27.418151580837083,26.221762672192963,17.23163911079183,43.37780327598236,53.80049456397422,38.35833458435988,62.122607724156595,66.53606482581415,5
0.0,30.19070335149354,16.0,92.23841641195855,12.486423708969253,18.48848537324219,21.419916951769807,30.37843043029724,28.154338415667752,17.214798891566286,88.31603908377622,90.86724245110472,80.17625470547527,93.48768333075066,77.23698355193505,5
0.0,24.94242328688548,11.808464322482344,97.70157186978811,15.528281997228504,16.551786006354817,14.516138047599904,17.046332227975252,17.476209227253104,11.634198651300412,91.68071709360059,59.809223611994696,46.18367326593241,74.94435864976502,54.39080755331995,5
1.0,23.192121562289284,13.303970203325028,90.246897523026,15.46167713265275,7.373658682755233,8.144463032483573,10.78692007678975,10.211526455940572,7.880905120337847,66.17550013540212,83.0438810369178,87.25355183757274,96.2296173111395,49.671837784485696,5
0.0,29.034230292290346,13.14012234017873,70.27067287098302,19.648888527048193,11.743172685176667,12.816010664617773,14.527159873929513,14.82824623056051,12.16280707718711,41.60904168057351,82.65444249056458,85.5551255586532,95.64393760800753,44.87887492590414,5
0.0,36.066107955249116,15.611294024916926,102.98752869310617,11.395883168307329,5.574554302782887,5.779760040496293,8.13066055875374,7.278887048886211,5.764669790450195,53.766184305031544,65.57023583998021,63.947693359774995,83.33883840855478,24.79842299650684,5
0.0,31.57363353188415,14.76998554660166,97.1549783199025,18.428484414139284,8.05955903268525,7.922933211959849,8.620469506837743,10.813318845614313,7.671662669308691,81.82780687118816,70.81895514169446,80.67331701856142,84.86412689284604,70.47476817863158,5
0.0,58.801822664835385,12.019892299791474,92.12929994864457,14.524180085550537,7.112344377065937,7.279805137138915,13.41787264138859,9.593928631880445,5.521811001113983,56.217152487871374,65.73479198905164,60.535446365031746,80.29580755108913,40.9358903129836,5
0.0,33.96517444553246,11.859915984763475,66.72403273135315,7.426071980512629,15.306400419492611,11.867821469244983,12.278817528894589,12.300389811358853,7.8245127549131075,72.72568975256618,95.42553273198611,74.84399439807234,99.31846073967492,13.235309474538775,5
1.0,28.184481832261405,12.628307566546157,79.14663721890989,29.835065916343115,15.695319492191853,18.652868777994613,18.869902501779332,21.5764785266514,16.034989557698736,50.38969899414449,42.42933900239056,46.26151831848462,50.327737356937625,50.73548493847419,5
1.0,29.928820099450178,9.613134640360222,78.67880784216133,34.073269161786925,14.586283552450857,17.27078674540304,17.82390686204107,21.434616362000625,17.31275460782407,46.71018619216162,47.866103208673586,50.863831520706015,59.51404651195519,52.71040174445167,5
1.0,43.32490480907529,12.259231382245796,79.88847073368693,12.020914624812484,6.735809966121573,7.504753649843734,9.649821605527915,7.7315172684804585,6.573315646335843,66.51291407013773,53.51472041875265,56.328023928433694,78.30638445265758,62.60194828604553,5
0.0,40.94784171019924,10.51492129502366,98.84926759691956,8.69461770321715,22.510056090064662,15.277939217036257,14.779452481805631,14.961779825986246,15.976959444490427,76.2824959549197,74.80574150305902,53.9460506030576,88.67188928728645,66.24837205013988,5
0.0,46.100732729581054,10.487579580064454,77.38821622058009,56.69731009796085,14.279475905077401,15.633858174116103,17.076833745903663,17.014354405069543,14.999346818145213,66.69186070000492,61.36390719734331,60.81586044666491,79.53112712919489,76.6526938254365,5
0.0,28.87702964077885,13.0,91.75185841951608,21.021162536987767,10.709739893721611,11.716348410194067,12.894092972326918,13.417909468304693,10.788289215805568,29.841014716294126,69.4762821305517,66.70924338370435,91.8643821995242,33.13761828555165,5
1.0,31.138826690620483,14.467959221322467,114.2935918442645,17.47195205452986,12.775827682530178,14.745090145223216,17.436793688070974,16.8012864442612,14.748546906063138,57.833671688978406,85.12932108258626,90.78372413223359,93.53273610233606,59.321666129275926,5
0.0,25.332593257427234,15.428083466435542,79.94977848765622,25.955925079052395,14.96212158580476,17.53561184983181,17.997501150687576,19.124304638325597,13.12413132486718,48.51552868920125,42.06935842965949,44.292280162961234,44.07811568462625,45.192149907457534,5
0.0,36.899564846572694,13.0,111.72136073615017,6.347190461281731,14.956059731712013,16.24905515839223,19.251165606877073,17.27774280259543,12.577893975162723,47.98284214114934,82.84051901891762,85.7711988254683,83.28148342780973,52.236036564421966,5
0.0,37.70909188398092,11.202433911480622,58.46828927432041,18.694139313938603,7.257977810791864,7.981591888160843,8.635644163015506,8.985072007980385,7.984999737438921,56.37713181893292,76.76319915616124,79.47105062983655,84.33236961985588,78.1973261291814,5
0.0,54.84603421403571,12.0,97.47944331533883,5.757901016456923,4.715149769387949,4.695233070915716,5.632348674551034,5.152460234143829,3.7110576062432137,43.04601124136178,69.45350357685814,70.03844914919858,84.74382211476453,47.13796794880858,5
0.0,22.979196687578547,13.511342398860938,84.55671199430469,13.147015564595623,14.692724427891854,17.218865479960684,14.541601244246069,14.626062357255371,13.861264303388534,71.71256428919689,72.25735758278694,54.6738640864672,77.62268461818154,57.53549134529866,5
0.0,54.529727066956305,12.0,89.5257770096824,10.551924708095283,8.613393303204091,9.091023191402131,9.867773530266664,10.355674628050451,8.498782451925374,42.054174792209224,68.5459934111942,70.95330028011809,72.90911011045856,54.34391550008727,5
0.0,29.940509506236065,13.0,89.2272771365316,22.194032982795687,9.276097557877712,10.22182911022393,11.22709270123998,11.961114513087203,9.281914008771546,26.06625068365059,71.93321220889604,66.13241837391989,92.36516918786012,31.27858652810615,5
0.0,23.93828977353042,15.295633685837714,116.38295996908343,14.21820355601386,6.4774281493758,7.084532406880523,6.55889952950643,6.409132740148175,5.674566989558256,41.9670854174502,68.64153788427188,71.11449895936616,85.90420454842464,56.359038829983305,6
0.0,49.965919782115925,15.578022960678918,93.63296555898162,23.51553090190599,12.206622794471109,14.838723989859313,15.40906532357272,15.599540641150918,12.976802402437794,72.15235019694099,54.40620863123138,74.20256413448827,89.61483225488485,56.58038374774766,6
0.0,50.715026147765634,12.0,106.08693085903418,12.463588662438237,12.12917418567249,13.210707853595334,18.935911594022834,19.617855174534885,13.951148879835328,23.60900087671039,67.75358674581722,66.98780331764765,76.3677963623111,40.12700286303192,6
0.0,41.70017017371187,13.092202186084169,97.5872491815535,19.254258831017196,10.4064258569279,10.474521123632748,10.172935534925815,12.493214921265626,9.21572836666998,16.393120640525026,86.52062653945201,83.71384995907528,94.54229708441048,46.77825450177048,6
0.0,24.284860930934276,14.750470156388902,90.99623874888879,36.3488124076281,23.091054330569058,22.813120712835136,25.41379332523955,23.341740492670617,19.282511099647234,42.73090036251461,63.2761665099115,53.06092741636331,91.13558965939073,31.856703114942924,6
0.0,46.55601284190145,12.466878964324527,91.45111456270376,31.598761147873738,12.511069826799666,13.346557641446564,11.908762752793475,11.640960457006136,17.68775956910845,46.14821841504382,69.99921144873588,73.2310319874883,70.2588644830451,65.54870094665469,6
1.0,47.51129952450018,11.026964936984179,92.67488920179959,11.239000082590682,10.50396243971454,11.396120744023499,14.378615775357407,14.384766796309762,14.14311390490283,13.641903043718305,64.77018366864885,64.20278836842088,70.71170200093941,44.52381726494799,6
0.0,33.72399404322806,15.511648181197307,112.90120840769394,6.766029690546415,10.268163640557844,9.81630499423228,12.276487399419302,11.00494034972448,8.109260133036784,33.36546389580679,78.20003748501904,74.42590814256573,91.35018975155982,51.35239597215652,6
0.0,24.069081375254342,12.0,69.9763394661553,20.03939498277247,20.872756444576943,18.606303136702305,31.016023306271038,26.891971967883194,15.791900101290134,11.766366966562789,50.026019577360444,57.21930930987117,61.21695628542599,55.06025571704532,6
1.0,22.0304915337486,14.906828441545754,116.7887697400948,19.13020076796503,18.13832076855586,17.561162178527272,18.70848937561613,17.79057600927694,15.707364409584176,35.96487062863466,52.63394655241885,44.980802176732084,71.43146047667555,34.37589519700181,6
1.0,42.4080120982433,16.367206503692188,94.82294200492292,8.938748609766176,9.745494181199055,9.788325729169815,10.301225130175427,12.110143545352788,8.633645056805983,59.37243947527914,56.330490108978076,57.24140688074246,88.01391131250288,38.001341189748004,6
0.0,39.49443852865542,8.352309879458637,92.7615493972932,11.85421631455858,19.11930395158886,18.50441913623589,22.221590132102605,21.76287000681432,16.352352465122177,43.66753324042911,56.28413167969357,46.63695068145999,88.21967405634503,50.972000264452575,6
0.0,26.153007779032922,15.997918492018737,102.99635736103279,14.164573911147812,7.834678865155665,8.832667982337409,8.091101742494224,7.935518545181078,8.230454030834382,22.70766689404082,59.091222614139696,56.94534117452998,80.46537663040769,55.63501896087079,6
0.0,52.876299259929695,12.0,98.93596398867837,10.100504522388702,8.869915442947786,10.631888488820001,14.046015801984337,15.781222406643046,12.05162363536359,27.12287082577983,69.30492754199398,57.78358762654752,73.97674906170298,49.99140193876222,6
0.0,31.34207315583735,15.390437483683941,120.46612477157518,6.0298176882797145,18.46961999988308,18.151607821891286,19.40695066745371,21.753764741781225,16.270886661176426,68.69387646769498,80.11901547290968,79.00528897962201,94.86115012491081,40.69442961242152,6
0.0,28.722082615626697,12.658623412571767,98.61036388800237,6.386351286499347,6.793752715754771,8.74239294227584,6.298230412969602,6.586190473468076,5.903206565595924,40.69088272501428,56.552619554625075,66.91917706774139,88.65739019452027,66.2389862467062,6
0.0,25.92296708885878,12.0,97.1476989681334,10.688637168826357,5.889861534407176,6.438817638587594,6.887678854524815,6.569466326776159,5.701820432104409,30.132885276196056,68.12716092267728,72.26584798484755,86.84707125655395,34.23242602312091,6
0.0,24.075320692925448,12.515170028641016,82.6359193126156,7.511556966253556,15.822862780243293,20.936655087913376,15.573423839223182,15.582975886322792,14.042947210319097,79.64376201704614,81.64852499218087,76.73645507484316,90.70277059485454,68.13388346246902,6
0.0,43.083086591010996,16.15461619734162,121.38987734850109,17.79282652620838,21.179940765144913,23.651728817036606,24.566215299946556,22.039205721540693,20.269839740538607,68.14983483871681,89.9779078978944,83.2594099672486,95.85085831609351,53.395823173563244,6
0.0,34.32411366341035,14.922350664805915,94.61647400279112,18.472742636286952,8.721849852597243,8.891103812492965,10.221916004285093,10.872779573241118,8.127519288226985,24.643849838810112,72.46446259134761,62.293630899713925,84.12685749058802,50.193925829675194,6
0.0,44.43161957854614,15.023497911008903,96.18798328807122,21.5022513217119,10.405557759456215,11.34873625768498,13.889185439601878,13.542447024700136,9.72519312573147,62.69744233824079,67.29221413908554,67.91862594433032,77.39299900208518,44.37122569111111,6
0.0,44.35886408509042,12.841455210864654,101.23651481343602,13.864299477376509,7.846289075439246,6.194985847201769,8.943238829315284,8.071710542951976,5.256439020093704,27.785246303878814,73.07408795624927,75.711005697454,77.94937740057598,29.91437114853187,6
0.0,40.01569022162431,16.687414682561577,103.93730092597701,29.694540859292996,14.033296795368262,16.66920276320704,17.95918825093144,18.612258021672382,15.559018094329671,82.36057670617811,81.50749057121129,81.47345647444372,83.98809870312726,75.91025729038867,6
0.0,39.91242412470468,13.767591991930635,106.04744994956647,11.787051936324902,10.455266131628385,12.844727892640654,11.028965123455466,12.239825377597477,6.245559410470991,77.24949047520626,78.01206777449912,76.00101188275596,95.53076493454279,47.5606814833431,6
1.0,40.49786986229959,10.211508513174122,86.71176806566507,10.056606676070968,19.765266297112106,19.62364601421264,23.760755614256126,22.862720500695843,16.086459531893674,31.475725069438084,75.11035374959573,54.42028565648224,94.81898229537596,42.43915957970333,6
0.0,50.04111856556189,17.67553876445509,104.37769382227546,9.701063101553546,7.694741027616182,7.48301088039108,7.511528842198577,7.541723416571732,6.966407275215468,60.49458388171759,83.9287101610871,84.54925650387456,89.11982998108213,59.874785721303766,6
0.0,24.29307558225419,14.984338344262621,104.66777630737876,7.067523464075938,18.023997411468486,16.401260360724844,24.669710764472647,23.55711717171726,15.479190569770559,53.531433070690774,65.02670700576024,67.8544359906802,79.76539944058672,51.85204072065407,6
0.0,35.64630207100819,8.987504251354405,90.5062478743228,10.984655238034861,14.77276877162764,14.348061045751127,16.5334566844754,16.31876859863116,13.41553652059189,51.58059378727272,43.76845443535897,43.13639112645778,84.38339681842007,48.57937692865361,6
0.0,38.66600430733349,14.785217091359154,106.71130254815492,20.28849918598707,11.941970550344474,11.044495456871847,18.005189200935607,17.179345101330824,11.960264883621416,31.995459025287346,52.29524448838554,54.81747129817633,63.45978869857902,50.254316326350356,6
0.0,42.32806157773829,8.43864705037779,94.72637646045335,11.647377837887529,14.046051154209604,14.372271665534017,19.602575759525564,19.689824787794468,11.757116110459089,63.72777925617608,69.0683870228791,67.76937534441555,94.74546727323049,64.40005243476938,6
0.0,35.52559779698636,15.4076522801864,99.717468611906,7.522867677637506,13.474531294299524,14.984210182101283,16.482830812313573,15.908338097885759,14.950591098506091,66.54408584728881,57.87025766843511,60.11581930132651,71.24174063945621,44.846116558826466,6
0.0,29.20604584883565,13.009038059804233,115.00903805980423,35.282444707016765,10.465373565525814,11.739641414661756,14.255441502381089,13.735777954417271,10.681647139320152,59.32780207293939,64.62297187128931,59.20634857740587,86.61119322299423,44.927869650815964,6
0.0,22.19794966694379,13.800343042825855,89.80205825695514,16.04494475429384,8.507894816439443,8.514836414065263,10.308077704335766,9.970111386377143,6.579274557937889,34.945174327420986,70.39048458356919,62.71828151320414,88.12701220221957,38.08289336138452,6
0.0,53.02761283672298,13.451835476403609,101.4443158391796,28.63867548255148,10.570071179352674,11.709436338890427,17.41365891620865,17.630748360466885,12.2245191598142,76.20220454997833,77.28958286520093,72.2089818231003,88.5160883412281,53.91305527564003,6
0.0,30.624159701614985,12.411037013318232,90.41103701331824,19.533218146129926,14.227480695282614,14.212632759385082,18.89161998291368,18.727122490207705,13.606890842006528,49.305704288583435,60.75872572314632,58.13314231396094,84.40725087871064,31.338454458593084,6
0.0,36.29543774759603,15.867797068397806,117.57034047229287,18.80599604131015,21.703212484194367,25.12206167179848,29.47463160321732,29.746574723432992,26.840926849811783,11.406112364231092,63.87229813799304,55.52424989069518,88.59762484867287,35.27040472097045,6
0.0,30.608371259068356,10.690142496053365,83.10564123224015,8.812461022659003,17.02588464901778,16.6695142030841,29.04071612784146,24.98708286179373,15.368913538647867,38.49734071391154,67.11924418548303,68.03478417988103,81.94493474596659,50.37222065906166,6
0.0,25.630891147115456,12.0,102.34351344701363,7.600782492477351,6.352632414706281,7.010018901574433,9.881680729451928,8.821403132838325,7.1936132076687525,45.147457433607464,82.5460467711346,78.52993382176005,90.56970185927857,52.295142269223085,6
0.0,52.14041339155531,14.722821806219066,113.05975264353347,6.581322049473712,5.100661585862964,9.325359208163325,5.388559338922771,5.725649901438043,4.781171792909856,25.852060752388887,58.638895066142034,62.360598238913106,84.05964165302373,35.13414933949249,6
0.0,31.081710374606413,12.469065416682863,90.87626166673145,16.274963466377137,11.251050542165533,12.976603731293112,13.230702032327198,13.033823482653313,10.981610092537291,77.19156942921285,69.90406405723982,63.61392179865508,83.48264478756755,58.89494006969292,6
0.0,35.72084513457852,14.208867341707634,100.59655354396507,19.365441342078153,12.489271890736376,11.952115542720634,12.820542986358888,12.779517963504414,14.272142793241695,52.100816546068394,64.99198910362584,68.68650222377464,74.06753785492236,57.59585769334645,6
0.0,30.822367347062148,14.894213821857344,107.70660366393008,5.257323121993775,52.429512717043295,53.04571857031314,77.33437454529897,75.58143033514295,43.05267087773611,54.78906188534128,80.70435779020804,83.0030010298598,88.42921644256553,32.50942056516384,6
0.0,47.828793057824086,12.0,105.81460655224122,10.186633090283085,9.385561208854625,10.54353492091127,16.196880397382515,14.205526303006154,8.748923656883875,58.30212682775615,72.64079493951718,71.44100923473619,83.47123355131923,42.891889723322286,6
0.0,44.44155938167916,15.676586694669139,104.88938658965986,17.136589809971227,8.32224047148559,8.344361699662251,11.940157648801835,11.598522043048817,7.648851992473576,65.56569794734023,71.14756570713521,67.80617648601391,81.4088646190788,46.2383997674581,6
1.0,21.642483761514036,14.260691087877191,105.80140294997365,18.642402219020315,15.450004418533574,15.0234966763563,16.756865593257697,15.978614994977093,12.914395779270817,37.12377677240755,59.229894445012235,51.243111354725315,78.39395771063204,32.688696248073335,6
0.0,56.63501959379002,12.0,106.51568012344515,10.495279509723407,7.186658929606617,7.74621942124314,8.825122607590625,8.386174149405237,7.585834420065428,40.47903189295749,65.740693411406,63.62719838769258,82.12998427043163,76.72499832020523,6
0.0,44.26977201366996,12.0,91.47659480305335,11.956501097467632,11.902234190295255,12.381013326423595,13.789710059582868,13.320405180560154,10.21927116740659,58.78935542049497,56.33434167619486,53.099147465956264,87.99258216876972,15.363366632470587,6
1.0,49.54719546088474,12.82180380667623,99.75262664673362,8.076838905937572,6.0890504814432065,8.63573148932465,9.924122477301683,8.198893233649521,6.16235420297444,27.882458231837354,60.07150597579179,60.94048723716108,80.74875279590744,31.746084076463028,6
0.0,61.30616263252381,15.933692563579372,105.71819339521232,7.5096741698038985,9.633711261084294,9.789315177698606,11.888858053642803,11.127330029697957,8.946397339866,40.551588615984784,64.65616061477033,66.54759480614412,87.85992034281901,14.194139061308482,6
0.0,39.961074413842674,12.0,89.60117555755545,21.25166826824703,9.935164577921736,10.726141884723512,12.445628032702434,12.52171568381295,9.72290467925827,38.673255219927924,57.0825954784294,56.561222927431984,82.61676187305933,18.852406054780744,6
0.0,22.718803103632418,13.734272507122464,108.12065815527048,16.925022223067774,11.669008824489193,11.671730219951357,13.545232776814094,14.543262904754314,11.592063822047823,17.92639304553109,62.16173891422234,55.08051470633,89.48688938373681,45.78105247212275,6
0.0,24.068688093831106,15.201654875015448,120.99172562492275,17.774277393172127,7.081725092867509,7.375568919628698,7.531575252888241,7.339328612522834,5.816974432735521,53.83371410201951,74.27873959452864,78.43949150614581,88.39090524616294,58.02038996417897,6
0.0,21.317582825163296,13.452152631896288,86.86363333534317,12.868577967063336,9.455891105999621,9.704681101792914,11.110645505458342,11.13998604952492,10.411038275675493,23.65197227452709,71.91868140477274,70.32360043634978,91.27625937202646,34.112125641865624,6
0.0,46.63315064189295,12.0,93.24596330222155,17.64807322920182,13.983580173624057,14.511393265567245,15.657763658839341,16.403793166739618,13.533480256182166,52.40747802158264,57.43544034951079,53.4716921468373,80.3920431683512,54.16793410988636,6
0.0,56.78656404502696,12.304187193209119,102.82881771544498,10.589613612424225,12.481756774824913,13.679117304179503,12.999763684544966,14.43906805512011,14.047897875290872,25.328649690175567,69.01811992959404,64.9070266844942,78.6230535424795,48.32434510054621,6
0.0,26.01,14.28328239037256,84.40790031816677,14.032352194574344,9.136364881420677,9.304015276863268,11.294776230550644,11.067302820710552,6.0421843994728714,68.10645299052078,55.2756615418861,43.552120149016986,86.56878398208082,20.500178209902995,6
0.0,36.21203286308048,12.0,99.7182876635868,9.979890919250007,15.458823976774807,15.998695955451884,18.16924268143759,24.517940056698237,13.672187757761478,89.30929765494014,89.12065332472784,90.8108623732221,95.06388410742406,41.95768741039862,6
0.0,52.926273682554246,12.880964190262194,112.57734847677897,12.10512417661038,13.08047663828385,12.983795092513231,16.002587137044493,15.468571467556337,10.253186123733355,66.21194033560957,78.75745494347937,77.51406020014778,79.45089099113918,45.366033452919794,6
0.0,30.598246925161114,12.711149532438018,82.40034579194216,16.52927756269059,14.06784235285032,13.693891572242347,15.835958460719334,15.80882994558927,11.816984192642623,42.30543940599504,77.5910466960667,70.5696612416035,91.84177224570368,38.408801325361196,6
1.0,28.754077676474154,16.85700627683829,111.0470271996326,9.071303003350337,8.665812547063107,8.378926832458598,15.095288507437347,12.743326549276905,7.162790812884677,20.146093859256936,69.98787525492594,56.847730504640424,89.8881309377492,18.592445280244934,6
0.0,47.692805085721595,14.605336050833083,107.83532586020902,15.208589591529641,10.145542276064518,10.122139636880721,13.49683427376044,13.081480822764505,8.646803114443133,65.81333065648332,74.06358842876662,71.52612675206659,80.65859146659203,45.90411894998832,6
0.0,20.08470620436568,13.288529653274262,102.23058759126863,17.899623803428778,46.056898197289385,41.734826307633696,55.38130637933659,51.81268998270443,22.08774898984826,62.26006752013821,80.48202918284771,82.59028165442955,87.29991971803847,57.93719900036282,6
0.0,24.2262992411876,15.059476735510396,120.92941876081287,14.447054408135763,6.019292714997347,6.438183933414209,6.248238541366111,6.090243868843146,4.76601033839629,50.97734347478533,72.51295671106422,76.44891975141975,87.79951927087144,56.05230690540927,6
0.0,30.73877155011286,16.0,107.2655554306369,17.164244588876187,16.98362200862528,19.591914160707375,23.023337156538734,23.167561299692792,20.67521569173318,17.890600774566817,68.21491509692281,61.16508156803676,87.10221978458125,33.716602072856,6
0.0,36.69047569050536,14.07100540210992,86.78698379367023,16.154451764705094,7.9604084758514055,8.156931847843847,8.019027686610082,9.643479886690947,7.3220421540693845,19.013768711924023,77.02692870351943,70.81193489825688,94.75014031213293,32.49900256145228,6
1.0,20.508686968227803,13.0,84.16228989409267,13.302165406328527,9.583155948135278,9.62283147048379,11.56129438818635,11.547517317512241,10.016319122218427,26.352178886049984,74.2473431240219,71.42154396221085,92.82593613336012,30.52221767513666,6
0.0,22.586555660618156,13.729830819274966,96.05467503268908,9.240131040198497,11.982286370505628,12.904011668555501,13.781332141689711,14.15362806802164,14.647084206958569,34.62004035938853,57.035695388525774,50.56378170269042,66.58115232298428,45.30800598884194,6
0.0,32.461740988083676,16.0,92.47308418429529,7.532379294519911,14.67094972907986,13.56872332383684,16.99442761150636,16.423766128104763,11.6756830702389,66.84117332742524,71.45274963087117,71.08345849764672,72.21527640812847,56.43565503611642,6
0.0,50.3365405206039,16.0,118.74557027557371,12.85246206956759,10.107692301123292,9.014804014117836,12.267948658395197,14.420862380474997,7.123405272474229,77.85793924677074,78.1293834803512,77.33121180475614,94.9846666353066,48.214167637585064,6
0.0,35.63978762660457,12.458552026172434,97.49737568593079,11.309815909635773,21.740567566589476,22.338625330945973,25.19147266007292,28.010197518844503,19.918846180918212,81.71624929215382,69.30728608302132,66.86965211817792,84.03334942762856,53.963412405267505,6
0.0,25.053759422914382,16.0,99.56323400982377,10.662422984080981,7.244668928958237,7.458087239344314,8.52580180987293,8.067902055581888,6.725766657640683,60.34000982203307,65.06543688345288,59.550390392640914,79.0277090051338,61.4103506842294,6
0.0,46.387879413712746,12.0,106.5428999564054,12.712927611861033,14.049429675206925,15.24385650396336,21.797169888488895,22.791709011302054,14.937850275612792,26.155845452099577,67.85389447560972,66.66851962062628,77.34824277401081,37.18230381963876,6
0.0,54.60272085722991,8.650090145808127,95.4751352187122,10.847269415893441,23.494476268393175,23.377543534880203,29.72465334704622,28.68644659343107,18.890066557525433,41.65542054498184,79.66719007615129,56.09507334611496,96.4090133322229,37.29713672786604,6
0.0,26.01198297736983,15.928673373317743,102.46505029988307,14.037410615537038,7.900742620616992,8.88221538374653,8.163239037598796,8.004509880063022,8.26174135833743,22.711139665363138,59.15317679607586,56.874653534414364,80.66361478792379,55.70236579179888,6
0.0,44.74366998757925,10.066543565084057,94.09981534762609,12.26716302705936,10.244605378477234,9.726806993194234,12.354341029812169,11.369079768921894,9.02512233606361,49.8718304600861,38.04593968522365,40.932595482888985,75.1335614706249,38.6768982682668,6
0.0,49.06593666446783,10.435024951017546,87.43502495101754,10.71411149220217,7.912328658161678,9.978453265488273,8.31007231358467,8.321557762305943,7.741942280176339,72.03418947131719,59.87863026158043,62.885538486564485,82.44807076480839,39.5322659693299,6
0.0,60.24592253598245,13.014985200968303,91.11613530750435,6.905057533005444,7.962159857313118,8.22823933108615,9.00485642568693,8.81039100209259,7.613408776685246,11.515469225110861,68.024611980234,66.25118615821077,79.79669846771736,19.020298152674492,6
0.0,56.787279888852126,15.172903243556032,99.82993556906895,11.319191018212617,7.1446212883515585,7.704695233361068,8.914762262325045,9.489771547522238,9.941898143329677,65.0542060611885,57.83214149620306,81.47492043502437,83.24590048362612,30.930037683105432,6
0.0,43.10282356337055,14.23317381442839,108.95733634017743,12.318162654407383,10.362927987145138,11.996191402870187,11.263593802553197,12.871181099859227,6.36770549997601,79.67138414589809,77.99146333454902,76.37466271207424,95.57145399233816,47.747096138439346,6
0.0,47.63041041263716,17.53054537275736,132.35690880465074,15.85553193603683,22.95750482033813,25.55927812168993,24.861367607730124,22.567696607261198,21.655373467122097,71.52114972399387,90.36294357200799,80.73959011539911,96.7768798954453,52.95014395559532,6
0.0,31.527506303795896,12.245171566634482,94.58395831639311,8.910477977216907,13.966907396019057,13.108303342110483,16.774520187508674,13.905158737096208,10.74523463075195,39.54673366857367,55.38226691336979,57.82854768784614,71.36272834536646,40.562212175180605,6
0.0,28.532689998545052,12.557742705184364,95.23097082073745,18.56515492310446,20.867161330280403,21.374214788996035,25.321651856357384,23.800054860170967,19.015661623741583,62.73902550009857,85.70814463808082,85.70767970510752,90.61589972125611,51.93339297826033,6
0.0,47.243060794006155,12.599284340054457,109.0974951901906,10.973254302711144,13.492100825993953,11.11370649243894,14.037776736983256,11.006395050939677,10.91968932908228,37.55297180470985,62.96576986531281,60.00503624264038,84.55882299717581,86.40379994768183,6
1.0,21.23742800885179,13.153338857761694,84.1533388577617,13.005448832242077,10.700851990180322,10.9363648408752,13.009870391776143,12.976703264503655,11.671847074456966,21.700243463153413,76.30525070717833,74.92684173911093,93.91802695987528,32.167165821925494,6
0.0,21.606328559745975,12.0,105.36502119983462,8.057668517786329,4.938507055895458,5.1213472997531575,5.948457432147886,5.74792018172869,4.697091171962104,34.992448009130555,82.62808459407341,78.31366242773404,90.48367116274622,41.77925158023466,6
0.0,35.82482970036973,12.59549187287781,104.17722330962668,8.357480968457647,12.93538176935806,13.065941350411979,15.596278412367358,14.860061172456794,12.811634891458406,21.68788385588115,64.43551021499648,44.55695332162669,80.87375974061459,41.69886364884675,6
0.0,26.369099731227436,12.0,89.0,10.920391537958043,31.902022841927952,31.44629513170902,51.673771177637335,47.24567548753243,28.139618849809835,40.2898808347132,79.25603688525227,78.61314006695055,83.23167991845307,59.97605271458568,6
0.0,26.722212684589117,12.149071551232486,91.42228277042031,9.116970178893054,12.257577612546497,17.475544706357088,11.71095127661894,11.50384807528057,8.172297462957413,71.40816626111676,79.11991648978008,75.2057325413676,94.02394129781533,53.01088437302251,6
0.0,47.69801916604156,12.128730011558105,101.6483348786399,15.1209427367819,23.425980327455058,23.89222588120188,24.75311130339591,30.059946569509705,20.888058400038314,67.45610263140735,69.29292345999788,66.33793562233295,81.53772090651961,47.80232755658279,6
0.0,44.35576877628081,16.71204390668366,126.48692278898802,17.897172713956436,21.573418388908102,23.58152941366382,23.726799310733213,21.79587258076849,19.737271172480032,67.08364219671235,89.79047176904864,82.56103023121459,97.37794560088238,52.22667051963639,6
0.0,35.62837214145603,12.331011745285771,105.20607261219052,10.57274716676805,14.619379922135714,15.207611294787373,21.849712351553706,21.83021560119597,13.979716815609704,24.20907213186527,65.66892313964246,54.699173136062235,79.79414557948353,32.32827970660135,6
0.0,23.944494175863063,13.0,86.93519364994482,13.537539930452889,10.806149548869222,10.650193070528783,12.651222814108808,12.482078987573374,10.900232867716586,27.49133851590342,78.87706624216227,77.82125106841644,94.94016768529963,36.693322462546675,6
0.0,24.660489537729298,16.372282766561742,102.07337256467312,10.467364969465255,8.101992254915102,7.907290385016234,8.460369522181901,7.757578452708375,6.686885322186127,56.231817713019055,69.42295250693338,65.71829701024471,85.55253840342894,58.48847472813258,6
0.0,31.37856228380725,15.820400327373335,112.80266884915557,7.3601517540689505,10.294804213642843,9.84137261897887,12.571879301352949,11.163489742374628,8.04537147897026,35.11763805076238,79.15931390782659,75.87366674464835,92.24274120567516,48.2250951976319,6
0.0,34.17884577453033,13.947327673510635,99.73586416425523,3.8762469499609695,37.73615395375958,34.742688671275744,36.37993624731993,36.94208587376403,29.76482824519524,57.30553201570226,83.21116737367294,86.48995754334045,89.36885351909964,39.19331800256762,6
0.0,22.411685413369327,12.0,101.17334342946309,6.0087953238018414,12.367659806450249,12.377972768487107,19.761368368762746,18.09971667414643,11.284652125556658,35.94226110158873,82.10142935512432,78.22402203911986,88.70090412213274,45.99347011620037,6
0.0,39.82569172526585,13.221455441377573,78.10037617928603,20.56631085753595,19.01507561142803,18.791180176639315,24.286369221400967,22.32693891782904,16.072605646866784,68.42150940252841,72.32522281852366,79.88624375347327,76.6375603408376,84.92820464528079,6
0.0,42.82910386254379,12.514386246413773,102.9424550143449,8.482194469213095,9.221837539908549,9.063232493918175,13.390444340248333,9.485105843057804,6.3397414751019605,62.60074757123,64.88790687054093,66.25959285414925,79.863221661535,44.76373285958692,6
0.0,23.552865900994107,12.0,86.17478628777995,7.6135679679044745,7.806178469526398,10.155790563196852,7.803417729632774,7.371019303951144,5.075030871608865,55.511054199297604,66.0230410563968,67.99891020391068,87.17168924008855,37.913751621169496,6
0.0,26.166960164410888,15.977829850443282,102.97782985044329,14.161479666372713,7.840294612315972,8.834295624981635,8.109023594183077,7.968673536272436,8.22795578404339,22.697782497510588,59.165475766602,56.985229884744285,80.48640656347621,55.60649506307937,6
0.0,28.101271722723105,13.64814949464531,112.76852323125858,10.570212658514869,23.225349198914596,15.982119518420415,24.028953113367066,14.32412649993074,14.6463528489778,53.77281292432834,63.769111420191265,59.99266278041167,91.53533593768984,87.751048359181,6
0.0,30.152016218398582,13.981924636384479,111.43966372791886,24.12278908028527,41.11437515559859,49.48566915084769,45.04196094399133,47.297492606654544,39.933106614413994,97.6156480532404,96.23058658965104,90.7982404871977,97.34005132232753,96.04789389065054,6
0.0,35.64700179759712,12.0,91.53053142408282,7.5609017460845545,9.504074247801615,10.46388600828886,10.484265211570275,10.243201022945765,8.470910286329573,54.50239183593965,53.07256929082847,57.45062092617325,88.54217089863722,42.25598387493506,6
0.0,26.00072376700267,13.536468127663987,96.18585856741853,8.136565636232389,17.099796645822284,17.465563055492026,22.415403392620078,22.50401621410256,15.663670127703046,96.6412991556579,69.78122473184311,67.57941749553986,88.8077836502335,56.97848591137224,6
0.0,32.71608428620977,12.36646878458286,97.96884336958854,8.87391509064649,18.051312107400676,17.20902182948461,23.004690067092902,28.853415679960154,17.52422390817979,99.12878984137352,84.76374735072508,86.45409447952318,92.12341975267766,46.64282816289821,6
0.0,38.92946733990875,14.976682092226248,96.06995372332125,15.989041602340876,8.633522718875671,8.786164886808825,9.409061609364848,9.472284181466673,7.88862040739423,21.577355788294902,71.962740445881,62.17353629382693,84.13367445108679,57.43122518190273,6
0.0,27.762967237822693,14.883759697008518,101.04657946976491,13.466005259946765,8.727964313785769,9.814334913000796,10.900570966405066,10.153949368594295,9.425717736787671,34.141945473750994,65.48904106450375,63.28404514462778,83.47551030993505,60.244701956486736,6
1.0,29.7846862173909,16.767756832590443,110.1468449548046,6.227429649355111,9.658340898631009,10.286053380698094,15.69345858028069,15.149848414072277,8.534676533981779,27.405813237428262,76.82924809522578,63.11063110992769,92.53049200585767,27.7424641554999,6
0.0,42.00952433741867,13.829839077780402,106.80887354446281,6.4969767053331315,5.833101423680422,9.073165035208817,5.782087674272724,6.097924131622745,5.266569744870215,32.271410642743824,57.73636166417703,64.33266263587115,86.04865106699094,48.59026005759304,6
0.0,28.13439112957141,16.0,115.77083400219225,10.670787603807264,8.750771741175773,9.697944157593463,9.863240207672106,11.301229194922085,9.153322532425571,47.81165314844556,68.71172557660505,66.11074163689837,88.70500031004123,48.606576225292514,6
0.0,61.83858841461151,8.182004290884628,86.63667381814105,10.155615997965661,7.2608846549367945,7.448907259529644,7.234891090856977,7.1071260076535365,8.589361410669122,68.72250653802905,62.9899308063984,70.69029084433868,80.92015898259758,72.86302936269134,6
0.0,58.71823741427046,12.0,105.0,10.969951869853041,6.876947588047445,7.7501629348157595,11.679968814005273,10.565964298380129,9.6497379421164,32.84128246039423,69.60502770384254,69.55016027564398,77.27984488166838,47.571717252199406,6
0.0,22.97560036011861,14.359483390242175,90.69612542681631,11.211098599700108,9.390864258825347,10.012608848879719,9.865736417306582,9.61350354395179,8.999191213726196,23.257503764347852,60.779130657599204,55.580049829717254,85.14858611520883,57.373463679945324,6
0.0,28.07932286683408,15.936678574825027,116.70450001585013,31.480748885785054,12.535387826189826,12.142843378308882,14.896126176335905,14.453992924620152,10.897316268269307,68.64790797816906,80.74517854606891,83.89249864117734,89.16837806928186,63.24890001450989,6
0.0,31.557649420846996,12.0,90.6193206233649,11.437242732134479,14.443482391135747,18.091474653430584,14.444275221241142,14.719154590942097,12.34729969115106,70.90052846882686,82.36511374624087,78.71096255126307,94.67196529027753,35.640077993750815,6
0.0,26.692749006986755,15.624395150874216,102.34269151402988,13.930377764436926,8.134154098724178,9.161773235084716,9.032980347283459,8.679250674721638,8.631167910216682,26.541025260728027,61.236100466667104,59.070400812384605,81.47452828303042,57.18042182610936,6
0.0,31.649262536983095,16.0,111.46622533082329,18.792798446426723,18.303268796387904,19.558243920571826,24.144794284626148,27.37906426004366,20.384622855064954,47.4920646836157,79.68014913213196,74.7706473740987,95.15308305143043,45.61004582533181,6
0.0,36.431775271809165,13.750392038473379,74.35478286937521,8.005749054715501,9.441410395259236,9.291286259723623,11.210855300635986,9.078510554726394,7.479488410718014,64.3069056599482,79.06080494775783,75.09454889782825,90.8252742229086,40.97581514914652,6
0.0,50.33595656583059,12.0,87.26055543268572,25.161905972092192,17.14773441683913,19.52085479060626,19.925254356510976,19.43589106436747,14.952911061264611,58.43726307395001,66.26998002897521,74.87752000602447,69.43063144803888,40.695639249987856,6
0.0,21.092851923476893,12.0,104.53680064565698,11.703877355947002,6.618168403429846,6.676555216072408,7.05138069742345,7.057909084787424,5.44490561440837,35.72328380313791,82.36095249685954,78.90405917591785,90.89540334053974,43.010053952970246,6
1.0,27.63383674727323,15.592502695215709,109.32083782535952,3.096725672906306,4.491318193724466,4.771053442424304,5.317518613623338,5.2458541350378916,3.884658049044516,65.16782811927797,70.91731544322988,53.282801272240675,77.41116115683437,52.15820936099143,6
1.0,18.950935380367657,12.230185268241556,75.76222321889867,9.209649585678768,10.968983186703927,10.949828419510137,12.124344887757953,11.728777683065879,9.157669566156166,27.606972657039027,65.82093760353116,56.20913006233268,91.66776286360042,53.39806746115584,6
1.0,63.83451707264538,14.003226480460992,113.51371254195921,9.281419481723425,5.799578954025074,9.02615729694219,8.464628081366774,8.617111996683512,7.836943064027025,17.1036701450343,63.71598599453384,63.63786959259935,77.62854996701593,31.49239981362921,6
0.0,35.57548877634719,13.432025195255099,99.44814277311222,11.2716713444829,6.241421380248681,6.285912891485032,9.525087219202987,7.780281479826636,6.480775650031353,35.51490551427614,54.64330202227932,55.87145203121134,79.60375222854142,52.31014152286703,6
0.0,46.66723875593877,12.0,99.99120218598202,18.21573198585488,21.304520127128534,21.566990541779866,23.15573109153597,27.555192937460028,19.3328041969542,55.4782517003422,67.0015827052209,64.66668758968167,81.52537270047964,41.1149355722817,6
0.0,29.71559096331176,16.0,129.21801885877215,6.976359234649541,9.79259154598611,10.68164934007215,11.789118724840435,14.758295040736728,10.076160133866162,73.45131538890479,78.34398187438862,75.51640976535047,96.94627610336265,42.58347952303414,6
0.0,42.34757741237539,12.00544948920266,89.02179795681063,10.501019772301763,8.146798368283301,10.907722291071973,8.838506267267856,8.84821497487915,8.08940193540668,74.2594559947403,59.29467810001467,61.81066307707667,82.96837093853937,29.30496597540398,6
1.0,31.505510183723725,16.120221944036228,107.07105423417208,7.126807206323996,10.486589985766656,11.56559802320227,15.980287558723946,16.692461066051656,9.708986072770234,30.59523661797872,78.65717951240458,65.93738768284092,92.99148002532179,31.753893253674285,6
0.0,28.35454535410192,13.118241367187034,100.11824136718704,13.59403722569776,8.779891047173102,9.280788911168782,11.097653152437626,12.779706681655139,8.193747241915316,24.178192885086588,70.28461669682959,63.65767211906388,83.92428247673016,53.038179258447755,6
0.0,24.050682992978558,16.11650597773374,99.89325106481712,15.798891273355958,9.40380148876018,8.595315285363226,10.466345200268329,9.87255820576559,8.350412553636998,58.789409410559415,63.047896187397065,64.97134575534822,79.89888434057066,63.81188867211882,6
0.0,34.907267762554405,11.513687356615517,88.57756168748793,10.168230311055515,7.16664179456104,7.078100733086387,12.278328847819887,9.50590565698027,7.332767034306351,36.81274738731855,57.74776637075922,59.39978655350353,80.01242437082709,48.68540924529131,6
0.0,28.752919790013305,12.0,99.1210967896002,13.573239416169653,9.158557556296104,9.629133508607808,12.200262060851465,14.528817731973632,8.268164549504025,26.685458248345178,74.46961916351027,66.06296150832428,84.78290410409474,52.048741471839705,6
0.0,43.661947159125894,12.0,91.3152521326936,27.19759646343381,12.028436466790954,13.268774813337883,13.81687661576036,12.844054211068565,16.590978619446748,50.898038131883226,74.88262901616568,76.18262170114363,76.52401906318715,69.16713283720418,6
0.0,22.064163657941478,12.89447006632902,94.16510411213393,20.386799157932696,14.121332141037032,14.308842478669234,15.256796276801435,15.419218039867562,11.862190090133643,25.650888799833126,84.33114184359681,83.7895239209448,94.8430714648444,45.21458034077937,6
0.0,25.72693786613693,11.144584938341676,92.35034166570073,18.123127843279562,10.596208444588473,10.292623427945564,12.469216855457452,11.363351032562823,8.067526180953948,38.12020877883673,72.3357300242746,72.95876384924038,87.21967742281691,46.72842005291023,6
0.0,20.866012763770517,13.059005248851863,85.35403149311118,16.6782355301473,8.73534738324718,8.408337556371144,11.057021376963332,10.657215378469978,6.023539576738813,39.076710890049746,74.20263849202327,64.6678936529386,90.71106468561335,32.17030337457496,6
0.0,26.224077441129506,15.698614975975488,109.62326871996936,8.863230741273695,9.372179816406959,10.243362556809426,11.167314624242763,11.289054956357445,11.702691884463714,50.84871968770177,57.55864305177298,49.62583858308712,69.35510927426363,48.347174633101965,6
0.0,49.00412168322823,14.777211922851272,115.69430298071282,8.574915532594641,13.748401501571502,13.131764147671477,14.039321568629878,14.994975725294973,11.736242986629836,40.54280339413122,83.28119242029507,78.47321565520485,82.92428614008804,45.85669723865318,6
